filename,pose_category,nose_x,nose_y,left_eye_x,left_eye_y,right_eye_x,right_eye_y,left_ear_x,left_ear_y,right_ear_x,right_ear_y,left_shoulder_x,left_shoulder_y,right_shoulder_x,right_shoulder_y,left_elbow_x,left_elbow_y,right_elbow_x,right_elbow_y,left_wrist_x,left_wrist_y,right_wrist_x,right_wrist_y,left_hip_x,left_hip_y,right_hip_x,right_hip_y,left_knee_x,left_knee_y,right_knee_x,right_knee_y,left_ankle_x,left_ankle_y,right_ankle_x,right_ankle_y
pose14045.png,takeoff,0.42547694,0.25027528,0.4327115,0.23642689,0.41737372,0.23612349,0.44131526,0.24223976,0.40328497,0.24183473,0.45876312,0.3132935,0.3822114,0.31357232,0.5136527,0.31030473,0.32151198,0.31687453,0.56812894,0.29615128,0.26069698,0.31826037,0.44136724,0.5350631,0.3974464,0.5351213,0.44510776,0.6982779,0.39537746,0.6991478,0.4415714,0.86415446,0.392362,0.86695004
pose4058.jpg,takeoff,0.5009583,0.23829812,0.5109937,0.22060971,0.4910047,0.22010626,0.5241192,0.22832891,0.47701508,0.22766836,0.54795396,0.32260385,0.45492595,0.32012755,0.61915576,0.35961777,0.3940283,0.34980562,0.6837336,0.36220357,0.3167708,0.3459526,0.52484715,0.58795774,0.4697012,0.586478,0.52374136,0.7742081,0.46895847,0.775375,0.51423335,0.92111564,0.47485128,0.9277111
pose14075.png,takeoff,0.580616,0.12725143,0.5894684,0.11223615,0.5722414,0.111841075,0.60281813,0.11702847,0.56158715,0.11611718,0.6249727,0.1960556,0.54218525,0.19573985,0.69220054,0.189581,0.4777525,0.19066498,0.76139593,0.17203887,0.41623983,0.1810363,0.59941864,0.4360787,0.5513133,0.43442237,0.6048709,0.61547405,0.55060816,0.61302465,0.59803766,0.7875742,0.54876536,0.7816783
pose14065.png,takeoff,0.5834403,0.25331426,0.59184253,0.23780362,0.5745944,0.23695955,0.6011559,0.24327034,0.56011176,0.24138497,0.6197827,0.32051966,0.53690016,0.3153183,0.6870032,0.32286605,0.46817762,0.31649277,0.7520601,0.30596662,0.40734816,0.30607086,0.59741366,0.56839293,0.5488028,0.5652582,0.594828,0.7559516,0.5451242,0.7540803,0.5918175,0.92336154,0.53726315,0.9225948
pose14070.png,takeoff,0.64114124,0.27805984,0.6496231,0.26359072,0.63273126,0.2629802,0.66123855,0.27119985,0.6209557,0.26991957,0.68348324,0.34748918,0.60099876,0.3468076,0.7549039,0.3452534,0.5389532,0.34503853,0.8243478,0.3305086,0.47362995,0.3334109,0.66729677,0.593394,0.6189918,0.5934486,0.6715961,0.7809334,0.6170529,0.7829267,0.6722988,0.93827116,0.6138421,0.93989015
pose4078.jpg,takeoff,0.35796535,0.20678456,0.36777964,0.19080478,0.34921336,0.1892816,0.38059178,0.20024952,0.33572063,0.19747233,0.40457168,0.2954161,0.31228644,0.29734647,0.47006187,0.32420757,0.24815421,0.32313812,0.5456983,0.32942572,0.16703098,0.32967538,0.38374603,0.5564853,0.3287744,0.55746704,0.39828047,0.73917323,0.33036575,0.7387244,0.38595012,0.901828,0.33583507,0.9063245
pose4064.jpg,takeoff,0.2062655,0.22104368,0.21766177,0.20221026,0.19541457,0.20195702,0.23409052,0.20967118,0.17997769,0.2095605,0.25917608,0.3096948,0.1568496,0.31304568,0.32397932,0.3438544,0.09034437,0.34871143,0.39778167,0.3459269,0.0034414052,0.35867563,0.2467138,0.5818925,0.18617484,0.58484215,0.2537815,0.76126635,0.19005963,0.76708007,0.24804962,0.92980903,0.20634238,0.927415
pose4056.jpg,takeoff,0.5032839,0.25758696,0.5132396,0.23987009,0.4932581,0.23973873,0.5265054,0.24774115,0.4784287,0.24725655,0.5517637,0.34464875,0.45386153,0.34222922,0.6215015,0.3720131,0.391217,0.3640154,0.6961858,0.37211367,0.31227303,0.36040756,0.52804667,0.60960793,0.47092122,0.6078521,0.5296792,0.78636104,0.46750814,0.7864734,0.5182213,0.93299526,0.47910944,0.9326177
pose14055.png,takeoff,0.51519763,0.26212624,0.5225599,0.24880636,0.5063746,0.24763513,0.52977234,0.25597218,0.4912653,0.2532952,0.54385966,0.32764652,0.47020808,0.32450756,0.6027876,0.31570548,0.40973902,0.31833997,0.6601219,0.30216235,0.35160023,0.31978294,0.5296372,0.5453042,0.4873177,0.5441061,0.5292522,0.7126808,0.48160133,0.7131506,0.5308218,0.8669411,0.47936153,0.87269235
pose4055.jpg,takeoff,0.49338984,0.26951307,0.5037313,0.2526491,0.48430282,0.25168672,0.51821595,0.26057935,0.47078592,0.2586202,0.5426332,0.35591438,0.4463438,0.35614055,0.60578096,0.37917277,0.38573417,0.37322727,0.67736304,0.37623027,0.30493563,0.3671048,0.5171088,0.6212769,0.46071014,0.62080157,0.5220636,0.7974038,0.45963663,0.79817444,0.50480527,0.95025414,0.47247487,0.9512464
pose14085.png,takeoff,0.4626506,0.2200712,0.4725892,0.20611516,0.45531732,0.20364419,0.4870061,0.21221937,0.44448385,0.20644866,0.5087021,0.2857617,0.42456752,0.27732846,0.57206374,0.29100078,0.36405212,0.27586362,0.63227355,0.2778694,0.30150145,0.2625903,0.48257336,0.52837014,0.43288103,0.52190536,0.47849393,0.7045332,0.42529112,0.6961719,0.46959853,0.88322145,0.4186731,0.8731633
pose4070.jpg,takeoff,0.35287556,0.2122734,0.36315957,0.1942769,0.34300447,0.19417879,0.37747762,0.20331344,0.32860285,0.20324887,0.40241995,0.30456978,0.30634004,0.30648395,0.46640176,0.33874,0.24489717,0.3342462,0.5417842,0.33997473,0.16015062,0.33960152,0.38238692,0.569633,0.326176,0.5705651,0.39127687,0.76064926,0.3246957,0.76340973,0.37880045,0.9167182,0.33545667,0.92198384
pose14050.png,takeoff,0.6531727,0.28726065,0.660649,0.27335247,0.644594,0.2731943,0.6693405,0.2795321,0.63099104,0.2790367,0.68548197,0.35267487,0.6114119,0.35182253,0.7443129,0.3463718,0.55342364,0.3520102,0.8022375,0.33072856,0.49390507,0.34885937,0.66824925,0.5741076,0.6256097,0.5729457,0.66845495,0.7439933,0.6182371,0.74377406,0.6698437,0.900127,0.6172261,0.9012787
pose4090.jpg,takeoff,0.36271295,0.2335713,0.372143,0.21639253,0.35306573,0.21593793,0.38481873,0.22642273,0.338475,0.22595808,0.40766588,0.32721978,0.31774014,0.32929087,0.46060115,0.36691496,0.26423475,0.3667658,0.5170093,0.38248894,0.19652212,0.38312653,0.3916983,0.58025944,0.33864558,0.5809647,0.40011844,0.76348674,0.3346129,0.7635205,0.38704348,0.9181949,0.34252906,0.91974056
pose4094.jpg,takeoff,0.36684552,0.22776769,0.37685055,0.2110289,0.35741192,0.20989254,0.3906355,0.21930917,0.34345135,0.21740799,0.41201204,0.31764472,0.3242407,0.31877452,0.46804065,0.35813823,0.27288654,0.3526212,0.5331279,0.36953786,0.20847186,0.36209133,0.3921996,0.56643426,0.33947003,0.5672815,0.40410995,0.74076784,0.33799672,0.74254704,0.39159584,0.9009851,0.3440978,0.9053831
pose14080.png,takeoff,0.5838228,0.20824584,0.593362,0.19475065,0.57636255,0.19243355,0.6066375,0.20252997,0.5654297,0.19764303,0.6271751,0.27335876,0.5465255,0.2680307,0.69002557,0.27211788,0.4881251,0.2690965,0.75282586,0.26024106,0.4255685,0.2548392,0.60351396,0.5196082,0.5549428,0.5149954,0.6005984,0.6943642,0.54924846,0.68655616,0.59122336,0.8616588,0.5426221,0.8557751
pose4077.jpg,takeoff,0.35852584,0.20621786,0.36836004,0.18988927,0.34933996,0.18834315,0.38071913,0.19927882,0.3346034,0.19674723,0.40368867,0.29522568,0.31053534,0.298442,0.46791783,0.32445824,0.24524203,0.3264462,0.5437673,0.32829916,0.16462743,0.33214214,0.38349563,0.55670273,0.32802576,0.55860084,0.39824575,0.741186,0.32956904,0.7417854,0.38550723,0.903832,0.3355058,0.9095915
1725301659282.png,takeoff,0.69089025,0.2258674,0.70214623,0.21275394,0.6800564,0.21267371,0.7186474,0.22503552,0.6651477,0.22457756,0.7451616,0.30741978,0.6399025,0.30610415,0.8232422,0.34790662,0.5770049,0.3562042,0.9043062,0.37762895,0.50766003,0.3969244,0.7082853,0.51819175,0.646289,0.5150788,0.7088482,0.66030085,0.6388654,0.65498585,0.7009365,0.7794781,0.639486,0.7753283
pose14040.png,takeoff,0.5488183,0.065549426,0.5561601,0.05295491,0.5407077,0.051677324,0.5641998,0.060802333,0.5277185,0.058297813,0.58019626,0.12999955,0.5064547,0.12964137,0.63809234,0.119568124,0.44606262,0.12861669,0.69738394,0.10218974,0.3833461,0.12670094,0.56265163,0.34690136,0.52063704,0.34581333,0.5610875,0.50701296,0.51249516,0.5070193,0.56059617,0.66032135,0.50999606,0.6689937
pose2115.png,land,0.4139207,0.2829098,0.4237133,0.26490244,0.40477476,0.2640943,0.43639365,0.26833043,0.38942415,0.26586947,0.45483,0.36483255,0.37030715,0.36831105,0.45796904,0.4867824,0.36966348,0.4967646,0.41485685,0.54001004,0.4098072,0.550613,0.44663945,0.6183331,0.38907486,0.62123936,0.44716725,0.8082282,0.3860911,0.81294304,0.43677145,0.97039455,0.397856,0.97803533
pose1132.png,land,0.4057322,0.24586824,0.41496095,0.22775307,0.3955431,0.22792193,0.42819032,0.22859436,0.38016814,0.22968,0.44768515,0.32577062,0.36134237,0.33221585,0.45009488,0.4531774,0.362688,0.46013603,0.40229034,0.5135546,0.40716028,0.51390415,0.44072017,0.5842234,0.38230282,0.5878763,0.4441429,0.77222,0.3793396,0.7807618,0.43343955,0.94571847,0.39510605,0.9558389
1725302204942.png,land,0.50442874,0.23914924,0.5130206,0.22795711,0.49603602,0.22809212,0.5257097,0.2378579,0.48319262,0.23842566,0.5400383,0.31501487,0.46584094,0.3136993,0.54187423,0.40634936,0.4604035,0.40488732,0.507318,0.45988014,0.48839748,0.46864933,0.5187195,0.48120147,0.46754023,0.47941545,0.5187079,0.6077492,0.46864578,0.6019692,0.5210503,0.7281006,0.463986,0.7220836
pose1149.png,land,0.38781038,0.21274427,0.3997925,0.1950251,0.38141355,0.1929649,0.42456898,0.2000423,0.37624845,0.1951811,0.4523968,0.300906,0.36158952,0.3039076,0.44614357,0.4323849,0.3589576,0.43604898,0.39085492,0.50328743,0.40515533,0.49425325,0.44037867,0.5683299,0.3774684,0.5699075,0.4413603,0.77042836,0.37763968,0.7736092,0.43247002,0.94730663,0.39241758,0.95956385
pose1120.png,land,0.40030742,0.106139794,0.410604,0.08700951,0.38944417,0.08706682,0.42514834,0.09070078,0.37333438,0.09038438,0.44597667,0.1892688,0.3565332,0.19243215,0.4447599,0.32101575,0.3565221,0.32451922,0.39083964,0.38257793,0.40366665,0.3657112,0.4375135,0.4551717,0.3760863,0.45773527,0.4363162,0.6537756,0.3786524,0.66061074,0.42910856,0.81767637,0.3854262,0.8388325
pose1150.png,land,0.3853554,0.20015226,0.39789796,0.18150279,0.37878257,0.17858545,0.42338324,0.18518353,0.3732244,0.17834045,0.45179835,0.29252446,0.35761064,0.29362464,0.44512114,0.43094736,0.35457155,0.43166128,0.3874891,0.49825892,0.40686497,0.48805395,0.44079366,0.5685055,0.37560743,0.56997114,0.4401537,0.7747285,0.37495095,0.7787437,0.43207723,0.9516536,0.3896437,0.96830666
1725301674593.png,land,0.564794,0.24889693,0.57538885,0.23438232,0.55518353,0.23342347,0.58994347,0.23694685,0.5396126,0.23443827,0.6069846,0.32012188,0.52159846,0.32073498,0.60132915,0.42333725,0.5168935,0.42481345,0.55684143,0.5029622,0.5486282,0.5033269,0.5892982,0.5013176,0.5339579,0.5008851,0.58022183,0.6375088,0.52895844,0.6366226,0.559753,0.7677372,0.54242575,0.77048576
pose1101.png,land,0.4189996,0.36584193,0.4272654,0.35193565,0.41029525,0.3525949,0.43980068,0.35645285,0.39705205,0.3572987,0.45498663,0.43619686,0.38159448,0.4378584,0.45013443,0.54944795,0.37831444,0.5502711,0.41102234,0.6063926,0.4142323,0.59124076,0.4434429,0.6542927,0.39306635,0.6556504,0.44022304,0.8176229,0.39432114,0.82037693,0.43497914,0.95833665,0.39909166,0.96158606
pose1091.png,land,0.4248601,0.33202907,0.4317046,0.31814876,0.41547912,0.319954,0.4410345,0.32244983,0.3999156,0.3260924,0.45630217,0.4007961,0.3842922,0.40477592,0.45544547,0.50734687,0.38303572,0.51140434,0.41472682,0.5392071,0.42301804,0.5349598,0.447925,0.61311746,0.39892253,0.61641204,0.4441905,0.7710338,0.40067244,0.7785195,0.44010195,0.9151878,0.40528268,0.92550415
pose2144.png,land,0.38402614,0.23219661,0.39553207,0.21424535,0.37719098,0.21293761,0.41890368,0.21880573,0.371566,0.21548727,0.4449222,0.32007486,0.35837108,0.3249643,0.44056606,0.44527102,0.3556216,0.4542864,0.39306188,0.50571847,0.40269002,0.4994568,0.43497676,0.57862914,0.3753507,0.58165133,0.4344539,0.7710934,0.37492746,0.77584535,0.42829567,0.94110394,0.38976222,0.9540935
pose2128.png,land,0.40434232,0.23953411,0.4136878,0.2200845,0.39443493,0.22056021,0.42670956,0.22089788,0.37862855,0.2214205,0.44660702,0.3215046,0.36138672,0.3273791,0.44716153,0.4444347,0.36134094,0.45518404,0.40117168,0.5034784,0.40407747,0.5026874,0.43898392,0.5771382,0.38121188,0.5814035,0.44026193,0.7655844,0.37968916,0.77183026,0.43058753,0.9379106,0.39476424,0.948967
pose5130.jpg,land,0.28598464,0.35949242,0.29459426,0.343847,0.276115,0.3453861,0.30726445,0.35474744,0.2619567,0.35780564,0.32070014,0.44042516,0.2504847,0.44658342,0.32578447,0.55346555,0.2540695,0.5577331,0.30483946,0.65270966,0.27922088,0.639113,0.3178472,0.64675313,0.26803547,0.6513884,0.32561952,0.81917846,0.26410943,0.830627,0.326528,0.9666432,0.26507872,0.9795867
pose2133.png,land,0.3987767,0.24693555,0.40898567,0.23053156,0.39028463,0.2292623,0.4262684,0.23461956,0.37935573,0.23278594,0.4478806,0.32890147,0.36158365,0.33481526,0.4492038,0.455023,0.3610625,0.46178162,0.403131,0.5148846,0.4045371,0.5181867,0.43974108,0.5868342,0.3811614,0.590117,0.44276673,0.7750852,0.3781175,0.7831262,0.43318996,0.9460162,0.39457124,0.9583842
pose2139.png,land,0.39361584,0.24255586,0.40444046,0.22649494,0.38570362,0.2246298,0.42345244,0.23243918,0.37589908,0.22908443,0.44474068,0.32844,0.35866827,0.33423948,0.44605026,0.45214504,0.35738397,0.46141493,0.40512505,0.50998706,0.4014565,0.51803154,0.43635407,0.58578414,0.37808722,0.5891939,0.4393192,0.77382725,0.37504214,0.7809845,0.43143362,0.9459191,0.39133966,0.9577303
pose2100.png,land,0.41950408,0.35505024,0.42707214,0.3414895,0.41069764,0.3426531,0.43847245,0.34646785,0.39704555,0.34853175,0.4536601,0.42450476,0.38168162,0.4271417,0.45458406,0.52488023,0.37674993,0.53172106,0.42240065,0.5724563,0.4126501,0.57854015,0.44326106,0.6387363,0.3944012,0.6407765,0.43962565,0.7978747,0.39592594,0.80143803,0.4362743,0.9410908,0.39921647,0.94518816
pose2090.png,land,0.4267899,0.33111945,0.43355212,0.31774297,0.41773123,0.31924412,0.4430161,0.32279357,0.4022923,0.3258364,0.46088743,0.3982344,0.3840387,0.4054149,0.46418825,0.49233192,0.3822053,0.5100979,0.41265526,0.5005687,0.43828315,0.51087856,0.4516695,0.61133564,0.39959455,0.6158532,0.4458148,0.7690281,0.4020083,0.77752125,0.43999344,0.9138011,0.40625468,0.92512196
pose1115.png,land,0.4139207,0.2829098,0.4237133,0.26490244,0.40477476,0.2640943,0.43639365,0.26833043,0.38942415,0.26586947,0.45483,0.36483255,0.37030715,0.36831105,0.45796904,0.4867824,0.36966348,0.4967646,0.41485685,0.54001004,0.4098072,0.550613,0.44663945,0.6183331,0.38907486,0.62123936,0.44716725,0.8082282,0.3860911,0.81294304,0.43677145,0.97039455,0.397856,0.97803533
pose1130.png,land,0.4057026,0.24477993,0.41496477,0.22676739,0.39555484,0.22689287,0.42827374,0.22793823,0.38026926,0.22891776,0.44771117,0.32555336,0.3616904,0.3318563,0.44963926,0.45219713,0.36358246,0.4586697,0.4017133,0.51054525,0.40741944,0.5117211,0.44084495,0.58201283,0.38265532,0.58562344,0.44383755,0.7705689,0.3793167,0.77947843,0.4329846,0.9429885,0.39539114,0.953997
pose5140.jpg,land,0.3081345,0.30059195,0.31627566,0.2831813,0.29833835,0.2844206,0.32802388,0.2912765,0.28294095,0.29419014,0.34465712,0.39102164,0.26974648,0.39579332,0.35458058,0.51421773,0.2699621,0.51927376,0.33365864,0.6264121,0.29760832,0.60584897,0.33849946,0.61776054,0.28582576,0.6212449,0.34858152,0.7986251,0.280413,0.8042966,0.3492858,0.9612547,0.27919522,0.9641397
1725302209387.png,land,0.53652906,0.27827987,0.54453754,0.26544058,0.5268921,0.26595688,0.5543468,0.27382877,0.5105556,0.2743619,0.5683361,0.35771808,0.49300572,0.3566329,0.5779896,0.455696,0.48798087,0.45633033,0.5407651,0.51102567,0.5183395,0.5217602,0.55036837,0.53617996,0.5000712,0.534451,0.55301315,0.6639685,0.49236426,0.6612389,0.54654235,0.78615,0.4907032,0.78203326
pose1133.png,land,0.3987767,0.24693555,0.40898567,0.23053156,0.39028463,0.2292623,0.4262684,0.23461956,0.37935573,0.23278594,0.4478806,0.32890147,0.36158365,0.33481526,0.4492038,0.455023,0.3610625,0.46178162,0.403131,0.5148846,0.4045371,0.5181867,0.43974108,0.5868342,0.3811614,0.590117,0.44276673,0.7750852,0.3781175,0.7831262,0.43318996,0.9460162,0.39457124,0.9583842
pose2095.png,land,0.42073733,0.3392335,0.4286614,0.32580727,0.4119494,0.32669476,0.44034004,0.33165297,0.39819127,0.332837,0.45365053,0.4111212,0.38310322,0.4117314,0.45024818,0.5167051,0.37898347,0.5140024,0.4140486,0.5666533,0.4170909,0.55622774,0.44381732,0.6215545,0.39567682,0.62351996,0.4400433,0.7769376,0.39722198,0.78305835,0.43761858,0.9179951,0.40123653,0.92752993
1725302214162.png,land,0.5058848,0.27467886,0.51490366,0.26190266,0.4953158,0.26234883,0.5268125,0.27322048,0.47873843,0.27446198,0.54147804,0.35856816,0.4601231,0.36016464,0.55275106,0.4624886,0.45676193,0.4659514,0.5103133,0.52300596,0.49161276,0.5336421,0.5263234,0.5451798,0.47140095,0.5451576,0.5271773,0.68360263,0.46487802,0.6869864,0.52564657,0.81304556,0.4656211,0.81344515
pose15145.png,go_up,0.65752506,0.23946336,0.6658324,0.22694105,0.64830464,0.22704048,0.67815197,0.24568698,0.63627446,0.24176331,0.6942283,0.35985667,0.6256726,0.29148608,0.7131907,0.45652798,0.6065764,0.18551278,0.72871935,0.5551982,0.6068655,0.06897577,0.66743535,0.5590455,0.62141705,0.53454864,0.6750461,0.68664366,0.60960287,0.69349813,0.6658457,0.8438588,0.61247504,0.8382494
pose15150.png,go_up,0.47529006,0.3398277,0.48313722,0.3281974,0.4661107,0.3281991,0.49557328,0.34519926,0.4547564,0.3412604,0.5093113,0.4479006,0.44379416,0.39268172,0.53121126,0.55439824,0.42388457,0.28759122,0.54737705,0.6517993,0.42991576,0.17057541,0.4873368,0.650408,0.44332498,0.63522285,0.49672365,0.792158,0.4346606,0.8026868,0.4920432,0.9489904,0.43457618,0.94108903
pose15060.png,go_up,0.7003605,0.25481987,0.7086684,0.24044976,0.691991,0.23832609,0.71773463,0.24846026,0.6769974,0.23878166,0.72846365,0.35921758,0.65732217,0.30186734,0.74441886,0.4608517,0.63304013,0.20275906,0.7430273,0.5660676,0.6439021,0.08199607,0.7047846,0.5727053,0.65903056,0.5548533,0.70528245,0.74122053,0.6470125,0.7429551,0.69146967,0.9010851,0.6522749,0.8891529
pose15110.png,go_up,0.39529878,0.30819872,0.40329856,0.2963419,0.38566464,0.2966962,0.41263095,0.31609014,0.37179503,0.31252533,0.4266147,0.42598686,0.3584664,0.36328644,0.45056266,0.53443336,0.33968952,0.2571966,0.46443683,0.63427246,0.34574956,0.128378,0.4036955,0.6367391,0.35598287,0.61664766,0.40701705,0.7860947,0.34054476,0.7934936,0.39588478,0.93951905,0.3379093,0.9324483
pose15050.png,go_up,0.56571865,0.27357364,0.5762595,0.26625362,0.5592373,0.26205134,0.59088767,0.29676384,0.5497431,0.28335193,0.6016085,0.40200967,0.5355498,0.34892133,0.6135006,0.49001762,0.5143779,0.25130478,0.6204505,0.59306985,0.52162987,0.12899178,0.57981235,0.60856384,0.5361166,0.59232074,0.5770659,0.7742825,0.52537316,0.7784386,0.5734969,0.94275284,0.53137773,0.9349263
pose15135.png,go_up,0.5729799,0.2069305,0.58109933,0.19522056,0.5639237,0.19466841,0.59204346,0.21124199,0.5507204,0.2053583,0.60319996,0.31361458,0.5392723,0.257199,0.62361205,0.41973877,0.51979333,0.15576011,0.6379096,0.51638085,0.52618474,0.043350812,0.577438,0.51624745,0.5352637,0.49826866,0.57916415,0.65309393,0.52062947,0.65583336,0.57006526,0.80780554,0.51763934,0.7932932
pose15045.png,go_up,0.90810233,0.22397615,0.91568077,0.2093202,0.89822406,0.21324119,0.9297126,0.2194479,0.8868699,0.23198438,0.9558374,0.28217933,0.8775897,0.33802655,0.9951134,0.24818793,0.87284726,0.42523733,0.9436712,0.18176289,0.87143916,0.39129156,0.9502838,0.53939784,0.8998765,0.55596244,0.95846957,0.7018551,0.9049694,0.6984475,0.95436144,0.85098433,0.91022027,0.85526663
pose15055.png,go_up,0.63113296,0.3309356,0.63941085,0.31618717,0.6228579,0.31435663,0.6482633,0.32391658,0.6082935,0.3160237,0.6608771,0.4330545,0.59116876,0.37663513,0.6764056,0.52913624,0.56367785,0.2891255,0.67616403,0.632789,0.5716923,0.16325855,0.64451176,0.6473316,0.5982181,0.62979347,0.64184004,0.80258477,0.58662254,0.81406146,0.6348247,0.9652302,0.58942163,0.97449356
pose15114.png,go_up,0.47359627,0.24641588,0.48230067,0.2336831,0.46414036,0.23421156,0.4947955,0.25039047,0.451969,0.24671993,0.5078846,0.3619952,0.4399876,0.3014868,0.53103805,0.47427475,0.41992083,0.19435526,0.54739934,0.5812416,0.42613944,0.06948344,0.4836072,0.57701296,0.43743473,0.5587863,0.4886931,0.7323076,0.42637405,0.7415009,0.48102027,0.8962215,0.42218786,0.88283217
1725302269775.png,go_up,0.36751336,0.34537578,0.3742745,0.33104596,0.35560933,0.3340501,0.3840116,0.33401918,0.3372919,0.33801085,0.3999701,0.42407662,0.32475543,0.39153966,0.4261059,0.50175434,0.29175037,0.31297624,0.4326046,0.5891649,0.29280156,0.20902166,0.38868958,0.5989891,0.3412384,0.5930779,0.4016614,0.7239519,0.3409446,0.73939794,0.40098533,0.8543509,0.34794316,0.85250926
1725302279630.png,go_up,0.30713376,0.35770938,0.3123547,0.34410736,0.29572135,0.34698868,0.32007727,0.34555772,0.27880323,0.35026434,0.33994904,0.43159074,0.26407903,0.3956256,0.35997528,0.49579662,0.23087953,0.32398888,0.36266872,0.5693106,0.229686,0.23414914,0.32820877,0.59334046,0.280302,0.5837261,0.3394959,0.69337153,0.2792448,0.7088108,0.32809243,0.8099219,0.2878475,0.8182853
pose15140.png,go_up,0.53743017,0.24049196,0.5450909,0.22804472,0.5283429,0.22810745,0.5558528,0.24267103,0.51536417,0.23904201,0.569373,0.3436662,0.5059434,0.29355887,0.5894628,0.44468567,0.48670238,0.19395171,0.6040244,0.54132235,0.49137145,0.068579316,0.54801303,0.54698825,0.50505424,0.53220433,0.5500127,0.68981826,0.49305588,0.696426,0.5408307,0.8454552,0.49109596,0.8343961
pose15040.png,go_up,0.64407766,0.25537106,0.6509194,0.24143042,0.63543534,0.24026048,0.65715116,0.2471401,0.6204848,0.24153945,0.67138624,0.3484022,0.60197324,0.2994161,0.69585437,0.4374059,0.574822,0.20950459,0.70309484,0.5410168,0.58214206,0.09800517,0.66549695,0.5599961,0.6197604,0.54898906,0.673717,0.71862125,0.6184355,0.7316935,0.67381746,0.8796483,0.63154984,0.8892166
pose15112.png,go_up,0.49281892,0.25468075,0.50087863,0.24229711,0.48306647,0.2430266,0.51129264,0.2602245,0.47019258,0.25743356,0.5252212,0.3698422,0.4569745,0.30906343,0.5502423,0.48000717,0.43928495,0.2020468,0.5653368,0.58284605,0.4452209,0.07640766,0.5016162,0.5814236,0.45438057,0.5632509,0.5066445,0.73724127,0.4433159,0.7458142,0.4966898,0.89114225,0.4433387,0.88148195
pose7075.jpg,go_up,0.28595155,0.28551197,0.2934658,0.2688163,0.27662507,0.2713495,0.30590203,0.27252957,0.26525813,0.27591887,0.32549363,0.37826818,0.2532517,0.33933285,0.34514657,0.47872335,0.22637483,0.27166384,0.34706756,0.59747857,0.23282857,0.159002,0.31345707,0.6019512,0.26605493,0.5921363,0.31853905,0.74580485,0.26532164,0.76214653,0.30923003,0.8999768,0.27189234,0.9077163
1725302283104.png,go_up,0.3113209,0.37316355,0.31687382,0.3592754,0.29995766,0.36370268,0.3249403,0.35808104,0.283516,0.36511505,0.3397,0.4373412,0.27153534,0.40831977,0.36195296,0.5073382,0.24157183,0.34384608,0.36563367,0.5769974,0.23703425,0.2618652,0.32793787,0.5918122,0.2852829,0.58556944,0.3405053,0.70017743,0.28440705,0.7136515,0.33718744,0.8184525,0.29363278,0.81535804
pose15039.png,go_up,0.65653276,0.2361911,0.6655394,0.22117712,0.64862067,0.22067231,0.6820429,0.22898045,0.6402999,0.2247438,0.7015951,0.3392021,0.628899,0.28732535,0.72254556,0.42430598,0.59711087,0.19337086,0.72620916,0.5224684,0.6021503,0.08097462,0.6890114,0.5499304,0.64270175,0.5356975,0.69630444,0.69507664,0.6432954,0.71026486,0.6992324,0.864356,0.6545761,0.87178785
pose15115.png,go_up,0.4306983,0.3443763,0.43886298,0.32984737,0.42086068,0.33222628,0.45122442,0.34646565,0.4090198,0.3475101,0.47008675,0.4619797,0.39621437,0.4011737,0.49356252,0.5719,0.37507382,0.29487526,0.5095676,0.6743351,0.3815577,0.16750582,0.44814438,0.68244916,0.39760226,0.66455805,0.45547023,0.8370492,0.39006582,0.85469496,0.44337457,0.9718875,0.39428142,0.97129387
pose11069.png,go_down,0.36770967,0.24929823,0.37590402,0.23703842,0.35838276,0.2356469,0.38654372,0.24018966,0.344948,0.23808153,0.39439613,0.29773262,0.33594114,0.29629844,0.41473752,0.21713519,0.3209811,0.21698892,0.411831,0.11713702,0.32075295,0.10731591,0.38246617,0.5154988,0.34300828,0.51417005,0.38884288,0.6645698,0.33366296,0.6668942,0.3808963,0.7971268,0.34387216,0.8018905
pose11107.png,go_down,0.5068965,0.30154255,0.51734614,0.287477,0.49925178,0.28456002,0.5351368,0.28816092,0.48903665,0.2821808,0.5484991,0.3513944,0.47631782,0.34095812,0.56632674,0.26068398,0.4532927,0.23989029,0.5622546,0.14992954,0.45372948,0.1271441,0.5230121,0.60654485,0.47434336,0.5998301,0.5234205,0.77316207,0.4660825,0.7708898,0.5116625,0.94315475,0.47081876,0.9343299
pose11090.png,go_down,0.4845983,0.22975586,0.4968953,0.22086444,0.477156,0.21213607,0.51590526,0.2291963,0.46698022,0.21038611,0.52440745,0.292242,0.4530193,0.26808855,0.55398613,0.21101569,0.4369541,0.1669971,0.5560026,0.089748174,0.44447026,0.051210828,0.48031312,0.5435457,0.43266907,0.5262835,0.4683594,0.72040695,0.4116313,0.69943845,0.44657293,0.8748023,0.41103926,0.8633192
pose6026.png,go_down,0.29559734,0.23114291,0.30335075,0.21604227,0.28554636,0.21622834,0.31468284,0.2137692,0.27189565,0.21566933,0.33019105,0.2794296,0.25898165,0.27424464,0.35628122,0.21154252,0.2283772,0.18783692,0.3600974,0.12495219,0.22647409,0.09253928,0.32393026,0.5276312,0.27512184,0.52846915,0.33731884,0.68470436,0.2737518,0.69714355,0.33344087,0.8411562,0.27832273,0.85161155
1725302293501.png,go_down,0.3425561,0.3714353,0.35026196,0.35963872,0.33209503,0.36062893,0.3615168,0.3602376,0.3183151,0.36396116,0.3787875,0.41429883,0.30359307,0.41592243,0.4099991,0.34233955,0.26256356,0.34083626,0.39622682,0.26321405,0.25572008,0.25543883,0.367801,0.6090055,0.31922904,0.6099119,0.37436256,0.7312,0.31919944,0.73893034,0.37423515,0.85821116,0.32969397,0.8633566
pose13145.png,go_down,0.47807866,0.25522533,0.48737583,0.24207696,0.46912804,0.24078098,0.50290835,0.2494835,0.45839053,0.24849366,0.51345325,0.31596494,0.4534635,0.31358913,0.53319675,0.21725911,0.43284678,0.20457545,0.53794134,0.09313982,0.43697792,0.085313715,0.5003166,0.54639477,0.4607591,0.5456228,0.5084668,0.7187215,0.45654002,0.72808313,0.5033659,0.8902108,0.45943648,0.89023435
1725302288686.png,go_down,0.3068298,0.35741252,0.3141232,0.34423754,0.29533213,0.34656683,0.32512996,0.34755638,0.27980733,0.35429937,0.34607577,0.4091812,0.2647424,0.4161019,0.3709941,0.32613948,0.22263885,0.3291935,0.35460377,0.24250779,0.21477813,0.22569025,0.34250164,0.6077753,0.2910311,0.6112062,0.34762305,0.7277887,0.28915158,0.73629403,0.33674562,0.8576596,0.30044284,0.85988885
pose13150.png,go_down,0.34284666,0.2541583,0.35156828,0.23963673,0.3336974,0.23887172,0.36532328,0.24593216,0.32272276,0.24579413,0.37941355,0.31311896,0.31723413,0.30880347,0.3986228,0.22518118,0.29984054,0.20460303,0.40153313,0.088045865,0.29403442,0.08155884,0.3743902,0.5529881,0.33223838,0.55262643,0.38691688,0.7244295,0.32998547,0.73431593,0.38477305,0.9076446,0.3387625,0.9112228
pose4150.jpg,go_down,0.41889864,0.3227798,0.42657742,0.30860466,0.4091351,0.3095077,0.43761873,0.3156236,0.39472526,0.3188546,0.45288453,0.38749957,0.3826962,0.39067125,0.48010555,0.3296402,0.3634079,0.32719082,0.4862024,0.23741552,0.35903177,0.22485232,0.44074592,0.6181815,0.3956635,0.61988294,0.44325143,0.76088715,0.38913685,0.7718699,0.43342462,0.9079459,0.38978404,0.91514534
pose6033.png,go_down,0.29260653,0.2559767,0.29968184,0.23963521,0.28258058,0.23979482,0.30994424,0.23805381,0.26800647,0.2397374,0.32692295,0.31223923,0.25189823,0.30734473,0.35341078,0.24555323,0.2211564,0.21992564,0.35965395,0.15226802,0.22110805,0.124552004,0.31869262,0.5513747,0.27037448,0.55318296,0.33222413,0.7048756,0.26668924,0.72377735,0.32365933,0.8578582,0.2748446,0.87590873
pose11060.png,go_down,0.43526596,0.1828255,0.44311523,0.1699125,0.4259324,0.16915122,0.45417038,0.17123209,0.41238508,0.17072703,0.4633805,0.23030065,0.40407896,0.22863676,0.4806179,0.14953619,0.38812298,0.14431398,0.4809297,0.046082284,0.38744038,0.038861487,0.45270997,0.43409657,0.41397542,0.43366972,0.46353078,0.58248115,0.40795463,0.58826286,0.4528734,0.7179579,0.41767305,0.72599953
pose13135.png,go_down,0.5253326,0.30410558,0.53490055,0.29270837,0.51735246,0.28962123,0.55024624,0.30124784,0.5074636,0.295433,0.5607932,0.36814576,0.49986878,0.3582567,0.58632916,0.2796082,0.4778598,0.25586903,0.5993134,0.15681869,0.4822947,0.1354315,0.53975296,0.60058,0.50000226,0.59451646,0.540927,0.77838135,0.49043018,0.775794,0.531962,0.93923354,0.48941788,0.9294566
pose13140.png,go_down,0.53322715,0.29185665,0.5424088,0.28065163,0.5250157,0.2781482,0.5570369,0.28802246,0.51473093,0.28371793,0.56682205,0.351067,0.5095766,0.34217727,0.58985263,0.26371664,0.49471372,0.2396206,0.596572,0.13588977,0.495445,0.1280944,0.54836404,0.5801275,0.5099572,0.5747658,0.5545043,0.75216436,0.5020878,0.75381553,0.54376334,0.917989,0.5003129,0.9142725
pose11098.png,go_down,0.47241783,0.2414323,0.48330036,0.227988,0.46473962,0.22381784,0.50160974,0.23018806,0.45514187,0.22164798,0.5149871,0.2966177,0.44340414,0.28412765,0.5349247,0.20875028,0.42389312,0.19080392,0.53037727,0.08712964,0.42003408,0.07235525,0.48937923,0.5467866,0.44084376,0.53823924,0.496651,0.70873535,0.43483815,0.696997,0.48387527,0.8703063,0.44307774,0.85721654
pose6030.png,go_down,0.28951812,0.23664208,0.29731917,0.22224647,0.28014785,0.22064054,0.30718392,0.22037992,0.26605272,0.21810566,0.32242328,0.2885598,0.25134343,0.28218228,0.35222843,0.2221509,0.2225887,0.20006125,0.35608435,0.12652557,0.2206316,0.09883476,0.31799698,0.53463566,0.26992732,0.5353613,0.33147514,0.6896302,0.26758215,0.7022188,0.3263759,0.8412933,0.27069494,0.85838556
pose4148.jpg,go_down,0.41932243,0.3436868,0.42717242,0.3295755,0.40960708,0.33027577,0.43790784,0.33478475,0.39558694,0.33718178,0.45237535,0.40354195,0.38461936,0.40356556,0.4805587,0.345928,0.36342257,0.34332466,0.48336205,0.2565647,0.3587818,0.24430962,0.44002008,0.6338194,0.39559317,0.63309544,0.44345623,0.7866401,0.3900789,0.7894914,0.4332406,0.9341706,0.3942861,0.9317402
pose6017.png,go_down,0.29156947,0.25872138,0.29935285,0.24334572,0.28174192,0.24354477,0.31041932,0.24228685,0.26785213,0.24423423,0.3281098,0.31060207,0.25408158,0.3077973,0.35564438,0.2421736,0.22400364,0.22112152,0.35774055,0.1590398,0.21880059,0.120825425,0.32384625,0.5630605,0.27344385,0.5651245,0.33623058,0.71955526,0.27216023,0.73381263,0.32780224,0.8791185,0.2740211,0.889814
pose11074.png,go_down,0.34938273,0.20611538,0.3575123,0.19338499,0.3413682,0.19048545,0.36876547,0.19568269,0.32914892,0.19023615,0.38041753,0.25501785,0.3163135,0.24559101,0.40064448,0.16897187,0.30167648,0.15107772,0.4008657,0.07096827,0.30151814,0.052479025,0.36418706,0.47941753,0.3212895,0.47540647,0.37330824,0.61321,0.3157679,0.6156638,0.36188295,0.7623151,0.32542333,0.7680119
pose11065.png,go_down,0.49432904,0.27749857,0.50217503,0.2658277,0.48617277,0.26387078,0.5124124,0.27016422,0.47407565,0.26634213,0.52203524,0.3279408,0.46352768,0.32010227,0.5455123,0.25084603,0.44962007,0.23173562,0.5467434,0.15297097,0.453652,0.12995404,0.50347334,0.53953165,0.4651123,0.5353333,0.5096827,0.68182397,0.4565053,0.6852562,0.49414197,0.8114924,0.46047202,0.8190169
pose11079.png,go_down,0.30023843,0.23719889,0.30954736,0.22614327,0.29132324,0.22209862,0.32188237,0.23094323,0.2779678,0.22300322,0.3300709,0.29187363,0.2677896,0.28042865,0.3571003,0.20878507,0.2537029,0.18687247,0.35484588,0.10635215,0.25925905,0.08465203,0.30617163,0.5116268,0.26570925,0.50401026,0.30808198,0.66306853,0.25568804,0.6585541,0.2932312,0.79838747,0.25926572,0.79645693
pose11102.png,go_down,0.438514,0.21179119,0.44889182,0.19960083,0.43001026,0.19583918,0.46709275,0.20359874,0.41991282,0.19731045,0.48031798,0.26944238,0.41006798,0.26127905,0.49999905,0.17232688,0.38624963,0.15657853,0.4956189,0.05366338,0.38700005,0.046192933,0.4588901,0.5141712,0.41298944,0.50761515,0.46677798,0.6931517,0.40616757,0.6859968,0.4569643,0.8488569,0.41809312,0.8389698
pose6031.png,go_down,0.29058933,0.24205819,0.29816002,0.22760624,0.2807841,0.22704977,0.3082703,0.22803,0.26674926,0.2283161,0.32396004,0.29641485,0.25295576,0.290988,0.35275012,0.23354305,0.22364755,0.20869595,0.3576011,0.14051436,0.22199178,0.10759865,0.31915593,0.5400374,0.271084,0.5414833,0.3317762,0.69207215,0.27023065,0.7075689,0.32629192,0.8447199,0.27219453,0.86214566
pose13130.png,go_down,0.5030581,0.20405078,0.5127791,0.19266218,0.49469805,0.18956265,0.52730733,0.20176181,0.4838946,0.19598414,0.5347296,0.27107313,0.4778998,0.26316532,0.5569943,0.17276813,0.4617114,0.15552095,0.5571713,0.05201293,0.4668232,0.03974317,0.5125355,0.50828797,0.47479105,0.50222856,0.51370955,0.679398,0.4645551,0.6787445,0.5029546,0.84517735,0.46060205,0.839956
pose12032.png,go_left,0.3664958,0.15810187,0.37373215,0.13838568,0.35478142,0.14216353,0.38747334,0.1427088,0.34092978,0.15278812,0.41875324,0.23799941,0.31469172,0.245693,0.4814314,0.2547651,0.25628263,0.28104642,0.54478616,0.25623676,0.2963794,0.26306826,0.408357,0.486093,0.34696952,0.49538404,0.4078207,0.6565716,0.35719827,0.6697403,0.4093381,0.8294925,0.36589083,0.8378924
pose7124.jpg,go_left,0.5996515,0.22263421,0.60645324,0.20631209,0.58983314,0.20756264,0.61746615,0.20833193,0.5766034,0.21228674,0.6417889,0.29290044,0.55733377,0.2994979,0.70437765,0.2994751,0.53367925,0.340086,0.7685791,0.2881368,0.58195645,0.34251717,0.62294245,0.5268595,0.5725621,0.5315507,0.6169012,0.6882385,0.5725988,0.6946728,0.61088324,0.8397508,0.5663899,0.84494627
pose14150.png,go_left,0.43427473,0.23253486,0.44061652,0.21550499,0.42411846,0.21723306,0.44878674,0.21871851,0.40830192,0.2216184,0.46907306,0.3006595,0.3834234,0.29716513,0.5272083,0.3061441,0.33348107,0.31874385,0.58613193,0.2976468,0.3872728,0.30563813,0.4573202,0.53797346,0.40664402,0.5416165,0.4542951,0.7252572,0.4087495,0.7245779,0.46053663,0.8973997,0.40007257,0.89468384
1725302243500.png,go_left,0.47930023,0.27970847,0.48669565,0.26736286,0.46877924,0.2688672,0.49855396,0.27412045,0.45489988,0.27722922,0.5252303,0.3447156,0.4284797,0.33897611,0.59340465,0.34929076,0.3633355,0.34308076,0.653696,0.3564831,0.40793294,0.34731036,0.505637,0.52812314,0.44992566,0.5297128,0.5031469,0.66034466,0.45755157,0.6630245,0.50448954,0.7842423,0.44770595,0.78511953
pose12037.png,go_left,0.4455263,0.1505524,0.45415062,0.13320011,0.43521053,0.13403516,0.46891946,0.14109576,0.42271155,0.14274943,0.49518782,0.23839171,0.39363343,0.23141645,0.55773556,0.25881222,0.33199626,0.2560473,0.62525445,0.27011454,0.37590098,0.2510662,0.46782437,0.47300312,0.4088997,0.47404668,0.46074694,0.65760136,0.4089233,0.6597673,0.45742255,0.8192556,0.4057176,0.8201314
pose12052.png,go_left,0.54346526,0.24259473,0.55246276,0.22546235,0.53333175,0.22462106,0.56589794,0.23349555,0.5189189,0.23088464,0.5911428,0.33508852,0.4862915,0.31834048,0.65294135,0.36423764,0.42160028,0.33835077,0.7190827,0.38424656,0.46670896,0.3316813,0.5509992,0.57642937,0.49060854,0.5713443,0.5352298,0.75377375,0.48350328,0.75076014,0.5189563,0.9127956,0.4732399,0.91289485
pose12047.png,go_left,0.22855386,0.10660824,0.23640719,0.087266244,0.21626763,0.091895424,0.25099027,0.09492882,0.20203502,0.10570649,0.28177822,0.19161214,0.17361954,0.19717297,0.34948447,0.2046996,0.10542889,0.22677676,0.41869593,0.21035464,0.15833148,0.21372129,0.2676962,0.44427598,0.20449576,0.45441166,0.26770478,0.62146014,0.21253625,0.6355978,0.27426076,0.79234594,0.2165761,0.7992456
pose12062.png,go_left,0.43625373,0.13179618,0.44565716,0.11475953,0.4264481,0.1123998,0.45964032,0.12269391,0.41227537,0.117579415,0.48407525,0.22159632,0.37784976,0.20551296,0.5430396,0.25303572,0.31498542,0.22892345,0.6065167,0.27062523,0.36042398,0.22020164,0.4474505,0.46886876,0.38387394,0.46323708,0.43070593,0.6435228,0.3741015,0.64097273,0.41728228,0.8036417,0.36508462,0.80505615
pose12042.png,go_left,0.34416392,0.17891723,0.35239545,0.16063389,0.33366528,0.16264449,0.36772457,0.1654753,0.3211769,0.17049263,0.39781135,0.26091862,0.29282433,0.26000604,0.4577485,0.28181946,0.23093435,0.2916426,0.52311337,0.28681642,0.27624324,0.27827102,0.37795913,0.5057482,0.3162461,0.5107512,0.37502867,0.68487847,0.3197268,0.69235957,0.37298548,0.84978044,0.32186678,0.85634816
pose12028.png,go_left,0.5133656,0.18153045,0.521728,0.16311908,0.50341713,0.1651148,0.53787625,0.16766697,0.49185944,0.17292725,0.5659688,0.26212728,0.46373153,0.26322567,0.6239607,0.27594158,0.4017958,0.2955845,0.6900178,0.2776415,0.45055622,0.28759536,0.5424109,0.4996543,0.48248386,0.5039352,0.53244287,0.6789971,0.48510092,0.6848938,0.5324463,0.84564173,0.48530048,0.8451964
pose12023.png,go_left,0.38574457,0.079550646,0.39314657,0.060483284,0.37424317,0.064141996,0.4067753,0.06602074,0.36011675,0.07485428,0.4377161,0.16226202,0.33119673,0.1663185,0.49846607,0.1783474,0.26939872,0.19947629,0.5630802,0.1827257,0.31489316,0.18228607,0.4192953,0.4077908,0.3572459,0.4152565,0.4179647,0.5833741,0.36125484,0.5928009,0.41403103,0.7491542,0.36935398,0.758205
pose6111.png,go_left,0.51765835,0.24046783,0.52452385,0.22501233,0.5082916,0.22491853,0.5355972,0.22686571,0.49517098,0.22797403,0.55928826,0.30241382,0.47579402,0.31263557,0.6184065,0.31597006,0.45126122,0.36465752,0.68217456,0.30611056,0.48792893,0.35388532,0.545006,0.5334969,0.49507117,0.54136956,0.54336274,0.6884611,0.49280676,0.69797593,0.53706807,0.8393139,0.49486017,0.8558542
pose12057.png,go_left,0.48303708,0.17131716,0.4926668,0.15394415,0.47308192,0.15205443,0.5068139,0.16217984,0.45840916,0.15711337,0.5298998,0.26266629,0.42345256,0.23944151,0.58718574,0.2974418,0.36101457,0.25858083,0.6527734,0.32198817,0.4089857,0.2605092,0.4868788,0.5062477,0.42366487,0.49694175,0.46853584,0.6786601,0.41558376,0.67076737,0.4541903,0.8464159,0.41049352,0.83889955
pose7130.jpg,go_left,0.38262102,0.2663487,0.38948828,0.2503769,0.3733461,0.2525192,0.4025353,0.25458515,0.3640808,0.26051188,0.43085226,0.3320888,0.34653234,0.34178466,0.49558488,0.33602253,0.31966373,0.38374516,0.55101544,0.32065028,0.36152512,0.3847595,0.4139809,0.5627687,0.36415088,0.5685066,0.41397578,0.7238488,0.36693627,0.73055285,0.40960217,0.86588836,0.36893147,0.87516004
pose14140.png,go_left,0.36112738,0.31217924,0.36799902,0.2962527,0.3515521,0.29549903,0.3752822,0.30024803,0.33412722,0.2977373,0.39538476,0.38319746,0.30445182,0.37080815,0.45305735,0.38431847,0.25160715,0.38261676,0.50884867,0.37829158,0.30725163,0.37969127,0.37715834,0.6245251,0.32237387,0.62363535,0.36965233,0.8005327,0.32190412,0.79936874,0.36937395,0.96985245,0.3089414,0.97021586
pose7128.jpg,go_left,0.71097386,0.25568357,0.7183884,0.23996268,0.7017163,0.24084178,0.73160326,0.24502201,0.6908587,0.24769387,0.75827914,0.32645112,0.672172,0.3300177,0.8227291,0.33574414,0.64354956,0.3731092,0.8918625,0.32401547,0.6821282,0.36711493,0.73139393,0.5609685,0.68022794,0.5625429,0.72584796,0.7292486,0.6763022,0.72677356,0.71544045,0.8815251,0.67465097,0.87954164
1725302255651.png,go_left,0.34539595,0.2813891,0.35269445,0.26780903,0.3336911,0.27026662,0.36564994,0.27417797,0.31893775,0.28022566,0.39556575,0.34478724,0.2926368,0.3453112,0.46304613,0.34983498,0.22349487,0.35972938,0.53290224,0.3525829,0.2700249,0.34521943,0.38436982,0.5377447,0.32417318,0.5431899,0.38384286,0.6704177,0.3355886,0.6762379,0.3896514,0.8042419,0.33072704,0.80950516
pose1006.png,go_left,0.4397138,0.2697416,0.4466827,0.25284147,0.43030247,0.25383794,0.45728844,0.25174916,0.41831803,0.2545106,0.48142242,0.32652888,0.39857808,0.337417,0.54145813,0.35299632,0.37381524,0.3994274,0.60222834,0.3551472,0.41395205,0.38871697,0.46961308,0.5527943,0.42097488,0.56105596,0.46728808,0.7097965,0.42100564,0.7211844,0.4615221,0.8472681,0.42358384,0.86982566
pose7102.jpg,go_left,0.48196793,0.41103876,0.4882233,0.39497405,0.47297844,0.396592,0.4980246,0.39572263,0.46102113,0.40055975,0.52342105,0.4637161,0.44201463,0.48126653,0.58810556,0.46252924,0.42473608,0.54297364,0.6415328,0.44792166,0.46867275,0.5353486,0.50765204,0.6952156,0.4580803,0.70342964,0.5074324,0.85996664,0.45935068,0.8630682,0.4969275,0.97555727,0.4581944,0.97940063
pose6150.png,go_left,0.4373364,0.27458194,0.44436175,0.25820127,0.42790127,0.25920343,0.45542374,0.25856772,0.41628748,0.2618399,0.48125023,0.32878086,0.3968511,0.3429876,0.54328716,0.34511957,0.3721656,0.40509343,0.6026131,0.33553728,0.41279903,0.39360717,0.4707066,0.55934846,0.42087308,0.56846213,0.46778613,0.7198819,0.42082864,0.7308943,0.4619589,0.8588064,0.42521077,0.88193476
1725301729568.png,go_left,0.4764497,0.26761833,0.48444116,0.25358495,0.46497646,0.25699645,0.5006256,0.2610042,0.45376962,0.26882833,0.5326087,0.33415458,0.4345234,0.33946452,0.6043582,0.33888635,0.39339057,0.35979986,0.69014573,0.35017768,0.4621648,0.33864766,0.5192335,0.5463782,0.4589644,0.5524757,0.52303594,0.68175054,0.4656139,0.6843886,0.52631366,0.7995093,0.4577817,0.79172456
pose6115.png,go_left,0.38010007,0.26076856,0.38713756,0.244318,0.3705812,0.24577212,0.39853898,0.24593803,0.3593623,0.2500043,0.42424798,0.32015887,0.34084162,0.33255038,0.48838645,0.3307759,0.31366703,0.38888958,0.54544187,0.31462717,0.35028294,0.38360876,0.41073823,0.55118495,0.36198384,0.55894333,0.4103114,0.7116235,0.3646858,0.7206762,0.4062434,0.8522268,0.36790588,0.8724872
pose12067.png,go_left,0.44756722,0.115888044,0.45676008,0.09770383,0.43711907,0.09778286,0.4712944,0.103549175,0.4231432,0.1029448,0.49805832,0.20585722,0.39072698,0.19384485,0.55918527,0.23157611,0.32639107,0.21903692,0.625891,0.24820502,0.3741564,0.21094479,0.46084005,0.45455554,0.398596,0.45140085,0.44845137,0.6312204,0.39185262,0.62823826,0.43084154,0.7903573,0.38264722,0.7883535
pose12018.png,go_left,0.394872,0.05855755,0.40213594,0.042414602,0.38433832,0.04620637,0.41672087,0.05143388,0.37288585,0.060914855,0.4503859,0.13890076,0.34783095,0.14634098,0.51148075,0.15597422,0.28839684,0.18045793,0.5771883,0.16114113,0.33189273,0.16992821,0.43557698,0.3786072,0.374174,0.38819456,0.44230574,0.55149925,0.38641316,0.55980283,0.43684515,0.7256268,0.3928855,0.7338908
pose14145.png,go_left,0.48886093,0.27879414,0.4957087,0.26285008,0.47955498,0.26316383,0.50402343,0.2689582,0.4642171,0.26898792,0.526302,0.35568345,0.4398561,0.35135514,0.58484334,0.35934973,0.3895826,0.37585407,0.6417883,0.3507795,0.4411822,0.36187732,0.51353085,0.5995195,0.46271282,0.6014176,0.50791246,0.78689027,0.46480766,0.782022,0.50713587,0.9590996,0.44909757,0.95750886
1725301747572.png,go_left,0.46898478,0.28098574,0.4776634,0.26684397,0.45901132,0.26950774,0.49620616,0.27090144,0.45083642,0.27714708,0.52937824,0.33756876,0.43231487,0.34723094,0.5993452,0.3576844,0.38600346,0.3885869,0.68414193,0.37358525,0.43079427,0.3498979,0.5141341,0.54217863,0.45598122,0.5482171,0.51593804,0.6819701,0.46120185,0.67752445,0.5176336,0.79661936,0.45575374,0.7851081
1725302260675.png,go_left,0.33851925,0.2838439,0.34512863,0.2689667,0.32620838,0.26995498,0.35306308,0.2695888,0.30464998,0.27224612,0.37704095,0.3406723,0.27415603,0.3452951,0.44662133,0.34314033,0.20431487,0.3715489,0.5126546,0.3449086,0.24858679,0.34883106,0.3714983,0.5358108,0.31268248,0.5440071,0.37134454,0.6687101,0.32217678,0.67453283,0.37829468,0.79795736,0.3168892,0.8111561
1725301735057.png,go_left,0.35751182,0.24844685,0.36647105,0.233008,0.3472703,0.2362267,0.38819668,0.23561537,0.33993936,0.24306577,0.4249974,0.30976915,0.32270098,0.31551644,0.49882963,0.32595485,0.27904445,0.3437772,0.58777,0.3411111,0.337948,0.31871992,0.41051117,0.5208449,0.34863544,0.5274242,0.41823933,0.65499073,0.36131763,0.65796506,0.4221176,0.7748835,0.358796,0.768215
1725301740478.png,go_left,0.48127404,0.26343694,0.4908169,0.25068215,0.47098348,0.2511833,0.507656,0.25894544,0.4599805,0.26034525,0.535577,0.32654443,0.43833274,0.33329275,0.60782456,0.33683366,0.39115882,0.3693919,0.6933381,0.3496342,0.44028175,0.33610174,0.5208613,0.5322314,0.46262345,0.53821295,0.5217327,0.67133474,0.4697747,0.66891336,0.52608705,0.7831816,0.46251646,0.7807823
pose7100.jpg,go_left,0.48112145,0.3819899,0.48767847,0.36554083,0.4716149,0.36699948,0.49761194,0.3657348,0.45874333,0.37003717,0.5224868,0.43559286,0.44070357,0.45275515,0.58824545,0.43312845,0.4244458,0.5148803,0.64275753,0.4171688,0.4677313,0.5064439,0.50724137,0.66731924,0.45799813,0.67488223,0.5067496,0.829201,0.45784456,0.8300331,0.49805903,0.9568745,0.4579382,0.96225256
1725302238803.png,go_left,0.4764005,0.24383663,0.48299974,0.2308978,0.46492696,0.23219894,0.49250016,0.23668791,0.44832847,0.23958012,0.5184287,0.30930468,0.41846815,0.29998565,0.5870571,0.31591928,0.35608488,0.30289716,0.6529672,0.31970173,0.40513223,0.3054021,0.5003022,0.49427623,0.44140574,0.49444485,0.49782398,0.62368816,0.44983804,0.62661284,0.50075597,0.74947387,0.44443202,0.74939734
pose6144.png,go_left,0.4341616,0.3033833,0.44092184,0.28596216,0.4244297,0.28847367,0.45333448,0.28390002,0.41364232,0.29089728,0.4804089,0.35530028,0.39679235,0.37276238,0.5422168,0.3723331,0.37158757,0.43600723,0.60099924,0.36017746,0.41022706,0.42309672,0.46915975,0.58335984,0.41993928,0.5935801,0.46689716,0.7422226,0.420269,0.7559078,0.46124777,0.8795668,0.4237659,0.89984334
pose12072.png,go_left,0.43568254,0.22082455,0.44490904,0.20380169,0.42678922,0.20094605,0.45770782,0.21164708,0.41326728,0.20565107,0.48256224,0.31038097,0.37794107,0.29972947,0.5407282,0.34684604,0.31466863,0.33444887,0.60622835,0.36637646,0.3586505,0.31467786,0.45128697,0.5639199,0.38911545,0.5615583,0.43222004,0.74540013,0.38114342,0.74522656,0.4168806,0.9120741,0.37302595,0.91953987
pose1001.png,go_left,0.4393103,0.2745462,0.4461848,0.25805396,0.42991057,0.2589265,0.456451,0.25821468,0.41770172,0.26097324,0.4818875,0.33055034,0.39745396,0.34362912,0.54393494,0.34741855,0.37388474,0.40514603,0.60452366,0.33707768,0.4165744,0.39308015,0.47178978,0.558551,0.4219706,0.56743395,0.4687186,0.7184514,0.42138234,0.7288828,0.46239868,0.85746324,0.42575532,0.87950695
1725302250630.png,go_left,0.330791,0.2595322,0.33883235,0.2463853,0.31985232,0.24858882,0.35284325,0.25361425,0.30660182,0.25880733,0.38145363,0.3244004,0.27933672,0.32564566,0.45279467,0.32441694,0.20708154,0.3317917,0.5193118,0.3334565,0.25300497,0.32648146,0.36878484,0.5169301,0.3094224,0.5235867,0.369738,0.6524607,0.32091758,0.66327864,0.38031173,0.779153,0.31556594,0.78622705
pose6095.png,go_left,0.2937021,0.23712596,0.3004409,0.22083391,0.28349024,0.2209735,0.31162605,0.22110108,0.26931828,0.22345683,0.33637285,0.29521343,0.25167355,0.31093377,0.3954273,0.301044,0.23328733,0.36690882,0.45912915,0.27664673,0.27192426,0.3582541,0.32814294,0.5286778,0.2771646,0.5400957,0.33330178,0.6858597,0.2805062,0.6985538,0.3261284,0.8351208,0.29091576,0.8610202
pose11150.png,go_right,0.44344527,0.15209092,0.45148596,0.13532655,0.43353528,0.13633397,0.459447,0.1397024,0.4163565,0.1447684,0.4832409,0.22605394,0.38929322,0.23532948,0.54292905,0.25800198,0.32461187,0.25937244,0.48521662,0.25877932,0.25309378,0.27239782,0.4610304,0.47941366,0.40629998,0.4781418,0.4692021,0.6487366,0.41241685,0.655309,0.46780467,0.8053732,0.42319942,0.81119096
1725302233688.png,go_right,0.49874333,0.24636476,0.5067263,0.23453312,0.48933533,0.23441431,0.51211745,0.23933929,0.46882588,0.23957841,0.52129143,0.305415,0.4413543,0.30162868,0.53983635,0.3303065,0.3759836,0.30673864,0.4761028,0.32731846,0.30707076,0.3020484,0.49794585,0.49857754,0.447754,0.49307665,0.5012261,0.63101983,0.4456877,0.6280184,0.4953676,0.7624498,0.44636148,0.7557709
pose9110.png,go_right,0.39025187,0.28076243,0.39956278,0.26643935,0.38394958,0.26579475,0.41384783,0.2712804,0.37460676,0.269354,0.43683586,0.34640586,0.35434383,0.34089634,0.48123726,0.38454053,0.29139882,0.33921474,0.42920217,0.37299755,0.22836891,0.32357982,0.41301402,0.5805628,0.36251074,0.57494193,0.41583353,0.7584169,0.37033135,0.75832164,0.4226374,0.93122625,0.36805108,0.921404
pose3033.jpg,go_right,0.26876152,0.33680382,0.2780648,0.32156053,0.2611067,0.32152006,0.29006168,0.3277872,0.24780703,0.3274015,0.31135124,0.4120786,0.22511962,0.40796068,0.34782577,0.47503233,0.16519037,0.42914972,0.3034834,0.4615137,0.09780295,0.4167644,0.29649,0.6453147,0.24483614,0.64181197,0.3001571,0.8023702,0.24811105,0.8063893,0.29520023,0.93148005,0.2574426,0.92956066
pose11140.png,go_right,0.50867045,0.116148524,0.51851374,0.09910699,0.5002636,0.09950932,0.5305611,0.105168335,0.48467907,0.10723347,0.55504024,0.19679284,0.4573246,0.20118645,0.6100997,0.22951451,0.3955868,0.21551162,0.5491282,0.22430782,0.32307625,0.22481972,0.5248518,0.4555626,0.46772853,0.45065156,0.5293845,0.61554754,0.46965748,0.61649907,0.52477485,0.78407615,0.48157993,0.7792145
pose9100.png,go_right,0.565393,0.13989337,0.57587415,0.12620091,0.5593647,0.12386847,0.5900115,0.13441113,0.5482039,0.12929127,0.61007065,0.21911421,0.5270374,0.20394963,0.6544377,0.26132426,0.46714944,0.18820342,0.6034142,0.23981611,0.40518507,0.16556518,0.5741884,0.45695236,0.5254442,0.44310954,0.5630851,0.62746894,0.51932263,0.62215394,0.5551799,0.8182468,0.5115612,0.80123603
pose11145.png,go_right,0.3675692,0.18156649,0.37661916,0.16337971,0.35800678,0.165993,0.38872916,0.16628638,0.34216815,0.17458229,0.41498566,0.25447085,0.31869486,0.26976463,0.47086364,0.287819,0.2557965,0.29541376,0.41080588,0.2909949,0.18152711,0.31621736,0.39632797,0.5089937,0.34037033,0.5105323,0.40733463,0.67987883,0.3503674,0.68857235,0.40835792,0.8461426,0.36541477,0.8460627
pose14125.png,go_right,0.4165879,0.22925378,0.42537564,0.21613443,0.40921125,0.21305074,0.4319721,0.22671892,0.39007527,0.21875712,0.44685015,0.30555075,0.3611608,0.29297093,0.49276033,0.33311906,0.29154855,0.28231448,0.4380621,0.32081053,0.2236357,0.26273674,0.41657072,0.54610246,0.36584944,0.5359613,0.41183892,0.72368443,0.36529562,0.71521777,0.40833688,0.89563656,0.35446677,0.8874487
pose11134.png,go_right,0.46423545,0.17328738,0.47414008,0.15690392,0.4558835,0.1572951,0.4876643,0.16329078,0.44231176,0.16753955,0.514188,0.25109303,0.41628733,0.25874147,0.5625597,0.28532726,0.35273972,0.27545258,0.5018632,0.28425178,0.27989325,0.28515697,0.49029428,0.5108043,0.42991167,0.50925946,0.4992733,0.6740974,0.43262434,0.6812549,0.49510258,0.84040374,0.4498067,0.84650236
pose14135.png,go_right,0.35447,0.30290323,0.3632555,0.28858435,0.34657294,0.2867616,0.36969358,0.29439604,0.3288163,0.2917084,0.38704577,0.3724019,0.30392095,0.36734864,0.43714613,0.40220603,0.23683509,0.3595899,0.3837165,0.39619365,0.16869733,0.3400071,0.36683878,0.6243272,0.31651,0.61713094,0.36264306,0.7961914,0.31580955,0.7935171,0.35781845,0.9706021,0.30796725,0.96628404
1725302219258.png,go_right,0.5316496,0.26725948,0.5416792,0.25790742,0.5234059,0.2534612,0.54845726,0.26761058,0.50370044,0.2573801,0.55111045,0.33264008,0.47167572,0.3197775,0.5705911,0.35825688,0.40370852,0.32393092,0.5099987,0.3468375,0.34528536,0.32224017,0.5218482,0.5229907,0.47237626,0.5142629,0.52180874,0.6627227,0.46620625,0.6587804,0.5221736,0.7864568,0.46219438,0.78951746
pose14115.png,go_right,0.4415699,0.29859546,0.45070344,0.2848255,0.43399438,0.28345284,0.4595557,0.29197052,0.41822058,0.29062775,0.47703868,0.36882317,0.39430565,0.36855057,0.5264702,0.3958743,0.32992417,0.3694949,0.47228855,0.38743323,0.26350075,0.36657214,0.45574093,0.6193127,0.40581194,0.6145572,0.4565032,0.7963684,0.40917152,0.79850507,0.4583733,0.9745433,0.4069497,0.9709405
pose12006.png,go_right,0.51616216,0.10495442,0.5263222,0.090529546,0.5075026,0.08804457,0.5377014,0.09930975,0.49188575,0.09566477,0.55971926,0.18512295,0.46311775,0.18524547,0.6172333,0.21625324,0.39881968,0.1961165,0.5571938,0.21046501,0.33005548,0.20318247,0.5290118,0.43302613,0.47333613,0.42614728,0.52879584,0.60204,0.47201055,0.6019303,0.5259983,0.7613961,0.48313183,0.76285255
pose11128.png,go_right,0.47078165,0.16963154,0.480828,0.15448225,0.46336287,0.15384412,0.49411488,0.1622979,0.45091707,0.16400358,0.5172275,0.24740821,0.42817363,0.25534913,0.5625601,0.2736977,0.36956632,0.27395627,0.5036186,0.27881068,0.29997796,0.28621742,0.49871722,0.5048143,0.44365755,0.5043777,0.5088857,0.67111874,0.45348424,0.67202723,0.5106085,0.83949983,0.46961832,0.8405146
1725302226512.png,go_right,0.391611,0.2578367,0.40061852,0.24711005,0.3822856,0.24726382,0.41206303,0.25469124,0.36806738,0.25626823,0.4228809,0.3176229,0.34627745,0.3163454,0.43037173,0.34310004,0.2812341,0.32338446,0.36492857,0.3368395,0.21553306,0.32304734,0.40609416,0.5033186,0.35689652,0.50005513,0.41171703,0.63452494,0.35446215,0.6376998,0.41588148,0.76147425,0.3611459,0.7627549
pose12012.png,go_right,0.41335583,0.18897387,0.4230721,0.17216839,0.40503034,0.17287073,0.43619666,0.17649716,0.39076033,0.18002023,0.46123487,0.26132745,0.3657488,0.26982915,0.51440513,0.29730228,0.30449572,0.28899628,0.4556796,0.29044536,0.23113398,0.30189565,0.43835768,0.51029706,0.38216215,0.5086654,0.44726354,0.6732649,0.3857294,0.68062645,0.44877285,0.83812934,0.40301722,0.83957547
pose3020.jpg,go_right,0.27638528,0.3868396,0.28520173,0.3711924,0.26825675,0.37139452,0.29663914,0.37350768,0.25456953,0.3752516,0.31756917,0.45522487,0.23332028,0.4502032,0.35357615,0.5194077,0.17414084,0.46653044,0.30736053,0.50863427,0.10460602,0.45829472,0.30509907,0.6879345,0.25377885,0.68360883,0.30818924,0.8446464,0.25670046,0.85026735,0.3058878,0.9741336,0.2724734,0.97214794
pose7150.jpg,go_right,0.30455548,0.2801384,0.31425154,0.26435348,0.29682273,0.26443946,0.327318,0.26922163,0.2840502,0.26871267,0.3499044,0.35496148,0.26143387,0.34976333,0.38482314,0.42328507,0.19681732,0.36492687,0.33537155,0.41336903,0.123483635,0.34361073,0.33313465,0.59122586,0.27994317,0.58730435,0.33416352,0.750578,0.28200814,0.7568383,0.32824364,0.8979426,0.2870282,0.8985859
pose3005.jpg,go_right,0.36852044,0.28339565,0.37760958,0.26830885,0.3608831,0.26733613,0.38937107,0.27273697,0.34881526,0.27274048,0.41154075,0.36110383,0.3269442,0.3502557,0.44319525,0.42960113,0.26385894,0.36023152,0.39719233,0.41669273,0.19218808,0.34363386,0.39466402,0.600956,0.34117186,0.5941486,0.39746422,0.7530182,0.3372487,0.7586292,0.3876978,0.8967868,0.34632045,0.9065287
pose14130.png,go_right,0.32776,0.2929836,0.33716094,0.27829129,0.3203016,0.2771675,0.34572712,0.2854082,0.30261937,0.28184462,0.36437064,0.36423522,0.27655974,0.35809866,0.41447744,0.39258596,0.21042792,0.3529291,0.35739386,0.37960958,0.13973789,0.3364624,0.3366239,0.61227477,0.2850028,0.60334086,0.33103535,0.79225284,0.28111613,0.78510505,0.32573873,0.96944153,0.27132434,0.9548165
pose9105.png,go_right,0.6054618,0.25639617,0.61491174,0.24330525,0.5987571,0.24136306,0.62913185,0.24892853,0.58899724,0.24638508,0.65020365,0.32307392,0.5694462,0.3181492,0.6974555,0.35797417,0.5117965,0.31265733,0.6441686,0.34274733,0.45474058,0.3042417,0.62466526,0.55575484,0.5770212,0.54822123,0.6240941,0.72729546,0.5756007,0.7280675,0.62799424,0.9006243,0.57545006,0.8925521
pose3010.jpg,go_right,0.5152981,0.27471337,0.5243616,0.26018146,0.5074781,0.25927383,0.53606856,0.26515016,0.49509984,0.26397592,0.5556943,0.3490743,0.47204337,0.33942807,0.5886354,0.41913965,0.41128573,0.351218,0.5418513,0.40483266,0.34277403,0.3332643,0.534444,0.5781177,0.48460037,0.5701791,0.53615916,0.7378133,0.48193026,0.7397597,0.52613056,0.8868204,0.48838758,0.8801238
pose12011.png,go_right,0.40851635,0.16963382,0.41834244,0.15251414,0.39993984,0.15349038,0.43192014,0.15887597,0.3853671,0.16187707,0.4595751,0.2481575,0.3595083,0.2552959,0.5105577,0.2805412,0.29880524,0.27402717,0.45231017,0.27245477,0.2249804,0.2851233,0.4350508,0.50051445,0.37586543,0.4985395,0.4443275,0.6651856,0.38178825,0.6669412,0.4373471,0.828686,0.3982807,0.82532924
pose11125.png,go_right,0.5084697,0.20779982,0.51828635,0.19009082,0.5002117,0.19202901,0.5338093,0.19235788,0.4876675,0.19898143,0.5593462,0.2778827,0.46640593,0.29513088,0.6049248,0.29913312,0.4084293,0.3150411,0.54248863,0.31230354,0.34226438,0.33235824,0.5433442,0.53086025,0.48860297,0.533841,0.55494404,0.69529223,0.5012368,0.7008149,0.55856705,0.86238015,0.52070093,0.8539353
pose12001.png,go_right,0.39817005,0.16139717,0.40752745,0.14537275,0.3899185,0.14558046,0.4191033,0.15409505,0.3744735,0.15514629,0.44694266,0.24256617,0.3462863,0.2502221,0.5021127,0.27203396,0.28236264,0.2705483,0.43995103,0.27161515,0.20668045,0.2841826,0.42167848,0.48924544,0.36217886,0.48731008,0.42705807,0.6619462,0.36817688,0.66282743,0.42264014,0.8177199,0.3824198,0.8173603
pose14120.png,go_right,0.3702107,0.30099866,0.3787568,0.28758138,0.36264378,0.28577736,0.38590297,0.29328597,0.3464822,0.2924108,0.40524668,0.3656826,0.31937557,0.36837548,0.4534402,0.39101186,0.24948235,0.37087613,0.4016767,0.38733774,0.18224362,0.37031868,0.3904403,0.62113774,0.3361153,0.6197927,0.39201427,0.79295635,0.33432975,0.80248106,0.39432475,0.9556856,0.3328588,0.9672521
pose9079.png,go_right,0.51078254,0.22065553,0.5182818,0.20579575,0.50374526,0.20561087,0.53090256,0.2080165,0.49508286,0.20889549,0.5483387,0.29198876,0.4768249,0.3001035,0.5711036,0.35250014,0.4444863,0.37637904,0.56226313,0.3319433,0.43666893,0.32041538,0.53467095,0.48298544,0.4921671,0.48612282,0.54267615,0.64464855,0.49899554,0.6383766,0.54036057,0.7829186,0.5126697,0.78891087
pose6084.png,go_right,0.30683142,0.26556796,0.31651616,0.2511244,0.29912275,0.24888113,0.32953483,0.2509909,0.28690177,0.24740054,0.35061535,0.32550764,0.26487878,0.32004243,0.38711438,0.38817322,0.20894413,0.3269573,0.3339874,0.3965731,0.14556387,0.31047794,0.33341283,0.56252325,0.28260553,0.55772066,0.3357557,0.719674,0.2829654,0.72850764,0.3274149,0.86275417,0.29169178,0.87105924
1725301709398.png,go_right,0.58785284,0.28846765,0.5991656,0.27816328,0.57991934,0.27464315,0.6088103,0.28983635,0.5612501,0.28162757,0.62304056,0.36026922,0.52864933,0.35493153,0.6448655,0.3912023,0.4614312,0.38338673,0.5554925,0.37503684,0.37981355,0.40891182,0.5912663,0.56141365,0.53367895,0.553108,0.5825865,0.6887077,0.5304535,0.6804296,0.5706045,0.794228,0.53620005,0.7957614
pose2065.png,go_forward,0.3247218,0.38075408,0.3293247,0.36447343,0.31650206,0.36852673,0.33588257,0.35709825,0.30393,0.3658873,0.36261785,0.43430358,0.28151146,0.41888335,0.39982492,0.44509837,0.25116867,0.35149774,0.35129493,0.41180623,0.29157895,0.28257263,0.3471591,0.6727127,0.295915,0.668138,0.3463962,0.8198847,0.2990255,0.8352137,0.34039897,0.95629203,0.30356318,0.9554162
pose2080.png,go_forward,0.42439476,0.36151588,0.4311769,0.34521684,0.41477126,0.3475363,0.44212985,0.3391263,0.4017368,0.34432083,0.46507484,0.41359934,0.38447422,0.39625686,0.49925882,0.4333969,0.35623708,0.33756757,0.4547406,0.40055493,0.3953893,0.27333748,0.44934607,0.6446384,0.39847076,0.6391269,0.44692913,0.787693,0.3996063,0.80403435,0.44065475,0.9293016,0.4046297,0.9374049
1725302385600.png,go_forward,0.50171155,0.32269546,0.50978696,0.31088054,0.49213028,0.3101612,0.51827,0.31579754,0.47505966,0.31394583,0.53927964,0.3818299,0.45550957,0.36970317,0.5900869,0.32448754,0.42842847,0.2770806,0.54169244,0.28136984,0.44713935,0.18736301,0.5109057,0.58366174,0.4587883,0.57620066,0.514829,0.71052766,0.4559439,0.70675373,0.50688654,0.8438119,0.4505371,0.83767724
pose1087.png,go_forward,0.4282864,0.34519568,0.43424812,0.3284375,0.41871548,0.33074898,0.4429633,0.32013413,0.4036406,0.32560942,0.4656129,0.39571926,0.38316706,0.37777942,0.5010247,0.42358157,0.3505438,0.32743916,0.45229524,0.39362255,0.383277,0.2629972,0.44833136,0.6287156,0.39664283,0.62376064,0.44587597,0.7718115,0.40214938,0.7914347,0.44003254,0.9189985,0.40538272,0.930532
1725302381961.png,go_forward,0.48277608,0.3273582,0.49128366,0.31671694,0.4734416,0.31538427,0.50098735,0.32381624,0.45601255,0.32051626,0.52363706,0.38715807,0.43613002,0.37715822,0.5728502,0.33144653,0.4102768,0.29272017,0.5238198,0.29483008,0.42389953,0.20563778,0.49810132,0.58638525,0.44241446,0.5810387,0.49797392,0.7111779,0.4449235,0.7088139,0.49560848,0.8435727,0.44334704,0.84152466
pose2055.png,go_forward,0.4583195,0.35440528,0.46405727,0.33725458,0.44859868,0.34021097,0.4719019,0.32848677,0.4322396,0.3340938,0.49425125,0.40184897,0.41262165,0.37913033,0.5300544,0.41958046,0.38441187,0.317177,0.4772761,0.38344997,0.42402592,0.25781184,0.47385257,0.64124835,0.4226068,0.63296574,0.46931648,0.7840193,0.42591923,0.79683125,0.46302748,0.9378889,0.42631832,0.9417266
pose2040.png,go_forward,0.4557891,0.38487184,0.46192604,0.36857656,0.44691515,0.3702038,0.4700853,0.35951772,0.4313057,0.36186862,0.49176893,0.43398884,0.41109458,0.40615,0.52676266,0.45116472,0.3867856,0.3391094,0.47605023,0.40997458,0.42858702,0.2826222,0.4701806,0.669731,0.41936034,0.6599431,0.46572995,0.80732024,0.4248732,0.8205343,0.4596003,0.95859903,0.42556557,0.9628328
pose1055.png,go_forward,0.4583195,0.35440528,0.46405727,0.33725458,0.44859868,0.34021097,0.4719019,0.32848677,0.4322396,0.3340938,0.49425125,0.40184897,0.41262165,0.37913033,0.5300544,0.41958046,0.38441187,0.317177,0.4772761,0.38344997,0.42402592,0.25781184,0.47385257,0.64124835,0.4226068,0.63296574,0.46931648,0.7840193,0.42591923,0.79683125,0.46302748,0.9378889,0.42631832,0.9417266
1725302370436.png,go_forward,0.56486344,0.37600255,0.5721748,0.36479303,0.5548503,0.36276633,0.5768649,0.3709364,0.532086,0.36642545,0.59680766,0.436548,0.51291734,0.4272973,0.662375,0.382869,0.4900695,0.34041575,0.6093445,0.34293208,0.50645334,0.24475197,0.577048,0.6380146,0.526004,0.6325812,0.5753515,0.7681439,0.52091044,0.76565295,0.5763509,0.89606357,0.522643,0.89314175
ezgif-frame-060.png,go_forward,0.45818853,0.37668592,0.4640029,0.35915795,0.44898313,0.36198443,0.47245795,0.3479039,0.43368617,0.3531436,0.49593192,0.42400715,0.41333517,0.39983115,0.530336,0.44288406,0.38562292,0.33454925,0.47847152,0.40671167,0.42591795,0.27552736,0.47556582,0.663374,0.42361227,0.65526104,0.4705201,0.80305374,0.4269691,0.81891125,0.4639817,0.9564653,0.42921963,0.9612146
pose2050.png,go_forward,0.45544186,0.30097547,0.46116972,0.28591785,0.44751826,0.28882128,0.4695568,0.27969489,0.43636546,0.28549603,0.49512511,0.34849086,0.415205,0.3302249,0.53339976,0.3653969,0.38676772,0.26163706,0.4821909,0.32654524,0.42583188,0.19841354,0.47398862,0.5864064,0.42434162,0.57974696,0.46977463,0.73708177,0.4238243,0.7542345,0.46363276,0.8777955,0.42734894,0.88479894
pose1050.png,go_forward,0.45544186,0.30097547,0.46116972,0.28591785,0.44751826,0.28882128,0.4695568,0.27969489,0.43636546,0.28549603,0.49512511,0.34849086,0.415205,0.3302249,0.53339976,0.3653969,0.38676772,0.26163706,0.4821909,0.32654524,0.42583188,0.19841354,0.47398862,0.5864064,0.42434162,0.57974696,0.46977463,0.73708177,0.4238243,0.7542345,0.46363276,0.8777955,0.42734894,0.88479894
pose2060.png,go_forward,0.45818853,0.37668592,0.4640029,0.35915795,0.44898313,0.36198443,0.47245795,0.3479039,0.43368617,0.3531436,0.49593192,0.42400715,0.41333517,0.39983115,0.530336,0.44288406,0.38562292,0.33454925,0.47847152,0.40671167,0.42591795,0.27552736,0.47556582,0.663374,0.42361227,0.65526104,0.4705201,0.80305374,0.4269691,0.81891125,0.4639817,0.9564653,0.42921963,0.9612146
pose2075.png,go_forward,0.42242688,0.38069314,0.42908257,0.36418924,0.41338325,0.3669014,0.4412631,0.35663447,0.40202874,0.3627505,0.4657646,0.43454564,0.38474143,0.4150438,0.4991873,0.44935396,0.3566087,0.3463497,0.45237285,0.4102121,0.39585054,0.28118855,0.44557962,0.6655401,0.39447188,0.6585931,0.4433538,0.8057556,0.39622816,0.82129663,0.4369383,0.94817257,0.40226045,0.95017076
pose1080.png,go_forward,0.42439476,0.36151588,0.4311769,0.34521684,0.41477126,0.3475363,0.44212985,0.3391263,0.4017368,0.34432083,0.46507484,0.41359934,0.38447422,0.39625686,0.49925882,0.4333969,0.35623708,0.33756757,0.4547406,0.40055493,0.3953893,0.27333748,0.44934607,0.6446384,0.39847076,0.6391269,0.44692913,0.787693,0.3996063,0.80403435,0.44065475,0.9293016,0.4046297,0.9374049
1725302389267.png,go_forward,0.49635437,0.32895744,0.5044347,0.31848457,0.4875111,0.31608963,0.5123155,0.32561016,0.4699013,0.32015514,0.53297967,0.38939467,0.44897848,0.37706587,0.5836578,0.33517528,0.4239112,0.29297185,0.5377332,0.29416594,0.43958527,0.20640865,0.5057782,0.5815102,0.453336,0.5751661,0.5076729,0.7016552,0.4546922,0.6989438,0.5015045,0.82940066,0.4485857,0.8300166
pose2085.png,go_forward,0.4263957,0.35716134,0.43251973,0.34145483,0.41689664,0.34285337,0.44177532,0.335179,0.4022174,0.3386208,0.46416703,0.4104351,0.38324937,0.38920644,0.49674788,0.42858383,0.3562216,0.32836154,0.45059448,0.40337652,0.39508548,0.26771528,0.4485495,0.63872707,0.39692754,0.6324933,0.44633478,0.7776016,0.40075904,0.7940945,0.4407866,0.9207977,0.40524602,0.93222743
pose11014.png,go_back,0.40017933,0.22308956,0.40713644,0.2093298,0.39008397,0.21108662,0.41695327,0.20974159,0.37588853,0.21568502,0.43276462,0.26410234,0.36432338,0.27433226,0.44645652,0.16136259,0.35083443,0.1804099,0.40903872,0.10016429,0.37823763,0.1007189,0.43356103,0.5042883,0.38735178,0.5101153,0.44630042,0.6648975,0.3903482,0.6790334,0.44268686,0.81199026,0.41061682,0.82475686
pose11005.png,go_back,0.43847424,0.3659944,0.44557184,0.35321426,0.4286572,0.35336936,0.45470685,0.35367262,0.41318387,0.3557197,0.46841398,0.40667716,0.39962,0.4125974,0.47936136,0.3079341,0.38905415,0.32479197,0.44662708,0.2559932,0.42535886,0.25412476,0.46619076,0.64218605,0.41905674,0.64567566,0.4751994,0.80638766,0.41694245,0.81388074,0.46840405,0.9550103,0.4325146,0.9608127
pose13075.png,go_back,0.5297395,0.26675287,0.53677267,0.25678563,0.5221194,0.2541998,0.5448802,0.26217517,0.5102161,0.2573489,0.55144876,0.31556424,0.5011645,0.314787,0.5638734,0.22482726,0.49681705,0.24014333,0.54655606,0.14207174,0.5237237,0.14500533,0.5359055,0.52176833,0.501227,0.5183347,0.5377396,0.671893,0.4910844,0.663536,0.5288001,0.81162906,0.49012437,0.8089094
pose13069.png,go_back,0.5935151,0.33005777,0.6003276,0.3207036,0.5861237,0.318539,0.6077882,0.33067554,0.5739342,0.32700983,0.6138913,0.3823724,0.5653102,0.38235736,0.6295736,0.291202,0.5617629,0.30133235,0.6107584,0.20831172,0.58809537,0.20905013,0.6002693,0.5828923,0.56608456,0.5807096,0.60217875,0.7381078,0.5555776,0.7369658,0.59438986,0.87834555,0.55153847,0.8782672
pose13115.png,go_back,0.50367653,0.3039585,0.5126784,0.29295984,0.4962365,0.29050308,0.52707493,0.30280492,0.48710984,0.29886588,0.53685606,0.36628544,0.48081297,0.3635627,0.54871994,0.26079345,0.4744083,0.25830022,0.52616394,0.1564473,0.49986568,0.15651987,0.5212528,0.6034472,0.4814446,0.5993926,0.52487004,0.779533,0.47266817,0.7763714,0.5192674,0.94681615,0.4745292,0.9376361
pose13065.png,go_back,0.4405828,0.20760575,0.44723862,0.1966159,0.43438306,0.19586417,0.45679513,0.20302205,0.42429495,0.2013991,0.46505976,0.25881514,0.41571608,0.2620174,0.47433466,0.17305915,0.4082625,0.19132425,0.46163106,0.094422236,0.42473882,0.12208017,0.45752162,0.44826233,0.42179936,0.44851434,0.46179062,0.5939552,0.42127568,0.5880754,0.46399665,0.72673833,0.42055932,0.72081316
pose13079.png,go_back,0.3551268,0.28934878,0.36152878,0.2788038,0.34700447,0.27770904,0.36986643,0.2843801,0.33591104,0.28369623,0.3781721,0.339502,0.3288397,0.34234366,0.3902747,0.2565217,0.3225684,0.26747802,0.370606,0.17120074,0.34544653,0.16842495,0.37389153,0.5426107,0.33926767,0.5434049,0.38164443,0.69533694,0.33284888,0.69550323,0.3802871,0.841045,0.3366522,0.84429276
1725302307238.png,go_back,0.37054875,0.37507316,0.3778254,0.36439604,0.3600965,0.36588144,0.38833532,0.36802804,0.34501028,0.3720623,0.40221667,0.42035598,0.33330232,0.42184287,0.4173851,0.35891187,0.31391653,0.3626696,0.38158283,0.3232146,0.34482166,0.31579474,0.38902232,0.60384965,0.3428052,0.60423416,0.3947321,0.7335928,0.33990148,0.73825437,0.39619017,0.85448414,0.34705433,0.85530865
pose11030.png,go_back,0.39765176,0.23395398,0.40621576,0.22255448,0.38866216,0.21962667,0.41641164,0.22485353,0.3734684,0.2196624,0.4266979,0.2772175,0.3611056,0.27397212,0.44598418,0.18037389,0.35509887,0.18112262,0.411649,0.11836908,0.3873346,0.11244289,0.40758267,0.5038458,0.36362398,0.498904,0.40737528,0.6595838,0.35358322,0.65697217,0.39042044,0.799673,0.35637403,0.8008578
pose11040.png,go_back,0.4717992,0.18836798,0.4792551,0.17512661,0.4610444,0.17662837,0.49231043,0.17366816,0.44813734,0.17983758,0.5062881,0.22931027,0.43780428,0.23711056,0.515834,0.12858073,0.42182612,0.1449234,0.48179698,0.071367346,0.45568544,0.07086915,0.4980937,0.47104466,0.45133322,0.47371164,0.5069036,0.6291723,0.45255345,0.63689446,0.50214475,0.7817225,0.46365246,0.78020036
1725302302335.png,go_back,0.345737,0.34880364,0.35318837,0.33880234,0.3358643,0.33954573,0.36563897,0.34247404,0.32359263,0.34560767,0.37993392,0.39508533,0.31066227,0.39762047,0.3927773,0.3257302,0.2874,0.3332357,0.3554421,0.2856803,0.31708443,0.27991924,0.36424345,0.57747394,0.3182236,0.57742006,0.3730744,0.70858043,0.3160478,0.7116205,0.3705003,0.82733786,0.32264242,0.82658607
pose11046.png,go_back,0.50482494,0.36269742,0.5114628,0.35161006,0.49600285,0.35165226,0.52165186,0.35151273,0.48474574,0.354105,0.5330595,0.3983039,0.4758489,0.40686485,0.5377968,0.31949693,0.4666652,0.3411292,0.50348896,0.25802985,0.48640293,0.26468495,0.53406394,0.61319256,0.494088,0.6178562,0.54880875,0.75928605,0.4982523,0.7659801,0.54823184,0.8975119,0.51331687,0.9042009
pose13119.png,go_back,0.400774,0.30603948,0.4099133,0.2934707,0.3926693,0.29160196,0.4258023,0.29846475,0.38350627,0.2960014,0.43615875,0.36326867,0.37811816,0.36108035,0.44470078,0.2597618,0.3698057,0.25572067,0.41867638,0.16202936,0.39539617,0.15661782,0.4212122,0.604552,0.38049755,0.6013615,0.42599696,0.7783661,0.37394556,0.77796113,0.42217126,0.9424752,0.3796216,0.9386624
pose13059.png,go_back,0.51912785,0.31645113,0.52641594,0.3065202,0.51169765,0.30302113,0.53470194,0.3133038,0.4994051,0.30685934,0.5411757,0.36629418,0.49184617,0.3666353,0.55633545,0.27645752,0.48540458,0.29238442,0.53880185,0.20106722,0.5107254,0.19629,0.53172326,0.5635935,0.49799952,0.56211275,0.5318774,0.71421874,0.48932052,0.7091448,0.5292892,0.8539065,0.4891599,0.8567324
pose11048.png,go_back,0.60639435,0.33040482,0.61365545,0.31872493,0.5976435,0.31866133,0.62478906,0.32081607,0.5859237,0.32297388,0.6362892,0.37070137,0.57829964,0.37873903,0.64369535,0.28478834,0.5700699,0.30143207,0.6105548,0.21465327,0.59101903,0.21227953,0.6321109,0.58510536,0.5912646,0.58765846,0.63827616,0.736777,0.5848332,0.7426641,0.6325692,0.87281156,0.5950978,0.87689906
pose13097.png,go_back,0.66517425,0.33950618,0.6735106,0.32922626,0.65735936,0.32570064,0.68250257,0.3398546,0.6440926,0.33346057,0.68905145,0.39705276,0.6338309,0.3969796,0.7088441,0.29558003,0.62908375,0.30775198,0.68557596,0.20074688,0.66006905,0.20295379,0.67313296,0.6248277,0.6342043,0.62114227,0.6710968,0.80174935,0.62163246,0.79498506,0.66521525,0.96852213,0.61827445,0.95789284
pose11015.png,go_back,0.44249758,0.27104658,0.44931048,0.2588332,0.43258947,0.2596096,0.45890436,0.2633448,0.4184168,0.26723823,0.47469854,0.32108465,0.40495777,0.32724258,0.48821014,0.21950331,0.3908984,0.23249386,0.45157966,0.16069785,0.42541838,0.15639521,0.4708798,0.5533639,0.4239183,0.55686134,0.48255762,0.718113,0.42510086,0.727631,0.47614652,0.86675227,0.44050163,0.8745619
pose11025.png,go_back,0.41041556,0.28009006,0.41886306,0.26960897,0.40103713,0.26696953,0.4309651,0.27407968,0.38758153,0.2707459,0.4428536,0.32666466,0.37606257,0.32730004,0.45975438,0.23488475,0.36658093,0.24067141,0.42348367,0.17450188,0.39716905,0.17204441,0.42827505,0.5555425,0.38289025,0.55315673,0.42951697,0.71140754,0.37376672,0.71344274,0.4191603,0.8556755,0.38075274,0.8602329
pose13057.png,go_back,0.57722783,0.32319778,0.5846766,0.31328073,0.57032156,0.31004682,0.59294355,0.32012066,0.55834246,0.3138337,0.5990127,0.3725766,0.5492548,0.37300178,0.61447024,0.2766316,0.5451433,0.29504195,0.5969896,0.19231127,0.57436323,0.1943503,0.5826604,0.5777204,0.5485188,0.57479835,0.58018935,0.73645085,0.53780746,0.72996575,0.572093,0.89026153,0.53347623,0.8883717
pose13060.png,go_back,0.52046794,0.3164919,0.5274499,0.30637103,0.51317555,0.30318543,0.53536004,0.31207997,0.5011048,0.30626437,0.54244304,0.36347526,0.49339938,0.3640036,0.5573241,0.2762283,0.48750043,0.29146293,0.53822106,0.20344472,0.5108627,0.19960907,0.53398675,0.5621475,0.5000683,0.5608992,0.53625363,0.71599495,0.49190217,0.7116274,0.5339505,0.85297334,0.49202353,0.8566391
pose13105.png,go_back,0.6645575,0.35082844,0.67351145,0.3395819,0.65666085,0.33772084,0.6889923,0.35004076,0.6477545,0.34727234,0.7005936,0.4165517,0.6416288,0.41234466,0.71123964,0.30917913,0.63518864,0.30642706,0.6879364,0.2111084,0.66439134,0.20279112,0.6797842,0.6519177,0.6372843,0.647019,0.67896986,0.83444613,0.6258832,0.8317157,0.6739772,0.984639,0.62808,0.97421706
pose11035.png,go_back,0.39293677,0.2336583,0.40113887,0.22077732,0.38347784,0.21882027,0.409968,0.22175653,0.366449,0.2184363,0.4211564,0.2767816,0.35073268,0.27647436,0.43964034,0.1776511,0.3410233,0.18664475,0.40375328,0.11411811,0.37824985,0.11207909,0.40383548,0.5119204,0.3568458,0.5093366,0.4040834,0.6772026,0.34713903,0.6786539,0.38724834,0.81766635,0.35194388,0.8225838
pose11011.png,go_back,0.47216648,0.37332535,0.48000932,0.36190823,0.46240216,0.360719,0.49053615,0.3661453,0.44811267,0.36595163,0.5018455,0.41714987,0.43518585,0.4220464,0.51681095,0.3171641,0.42660022,0.33118278,0.4846902,0.26550502,0.45844617,0.26448107,0.49213848,0.6582129,0.44571418,0.65981215,0.49655628,0.8154403,0.44145197,0.82504475,0.4869376,0.9662934,0.45358467,0.97359926
pose13110.png,go_back,0.7725096,0.2934314,0.78159285,0.28045124,0.7639944,0.27976745,0.7977128,0.28664494,0.7542411,0.28661138,0.8086333,0.35435686,0.74865437,0.35304803,0.81613225,0.23963031,0.73834646,0.24052599,0.7944363,0.13441975,0.7702631,0.13276985,0.7890899,0.59680825,0.7470758,0.59344023,0.79164493,0.7798571,0.7382491,0.7792026,0.78644145,0.9460345,0.74030983,0.93560827
pose13085.png,go_back,0.5089283,0.1991589,0.51527673,0.18795572,0.5002321,0.18901655,0.5244537,0.19505912,0.48927727,0.1986738,0.53448045,0.2504204,0.485669,0.25641644,0.5412166,0.15896285,0.4782505,0.1746173,0.5205034,0.077753365,0.49678606,0.07123396,0.5289034,0.46260664,0.49396935,0.4640598,0.5371604,0.6059783,0.48849526,0.60875887,0.5344948,0.7538239,0.4922327,0.75993913
pose11008.png,go_back,0.44618663,0.23967849,0.45274344,0.22643481,0.43670616,0.2281439,0.46278268,0.2273562,0.4238081,0.2332992,0.47847176,0.27962953,0.41180247,0.28863212,0.4908646,0.17952622,0.39670184,0.19699508,0.45329314,0.12379519,0.42910177,0.124622874,0.47464055,0.5076469,0.42961058,0.51240855,0.48596042,0.6637337,0.4311315,0.6777158,0.4794177,0.8064716,0.44485992,0.81857383
pose13090.png,go_back,0.47651562,0.24966034,0.48346215,0.23938027,0.46908122,0.23798607,0.49304032,0.2454828,0.45820776,0.24408917,0.50082743,0.29571137,0.45245305,0.3010286,0.50957346,0.19852567,0.4447232,0.2172938,0.48785418,0.11953803,0.46672073,0.12140931,0.49667177,0.49801368,0.46248323,0.50010514,0.5020045,0.6562269,0.45724422,0.65995806,0.5035686,0.8026601,0.45982236,0.8077857
pose11020.png,go_back,0.48020005,0.23739073,0.48877865,0.22391726,0.46999964,0.22305997,0.50002974,0.22536731,0.45344582,0.22534987,0.51113147,0.28492382,0.4422233,0.2900622,0.526493,0.18366443,0.4304331,0.20158446,0.49129456,0.12636897,0.4625666,0.12727205,0.4991079,0.5120636,0.45357051,0.5132742,0.5015025,0.6733325,0.44965377,0.67899024,0.49424776,0.81545377,0.4593132,0.8224363
1725302313345.png,go_back,0.39328814,0.344003,0.40081072,0.3341407,0.38300958,0.3346885,0.41211408,0.33970153,0.36914593,0.34239134,0.4258448,0.39325112,0.35648477,0.3964733,0.4406356,0.32655153,0.33584252,0.33849055,0.39939547,0.28946653,0.36157817,0.2907429,0.41178846,0.5792455,0.36549556,0.57927895,0.42041042,0.7115282,0.3638284,0.7134381,0.41967255,0.83363986,0.37207615,0.833121
pose1088.png,nao_acao,0.429902,0.33914465,0.43588105,0.32134852,0.42094797,0.3239163,0.44443327,0.31662926,0.40658623,0.32165822,0.46733826,0.40109715,0.38363528,0.38963908,0.5039027,0.46212757,0.3382536,0.39594838,0.4693721,0.4194764,0.36023694,0.31293404,0.44880384,0.625427,0.3995299,0.623043,0.44637877,0.7723093,0.40488058,0.7835866,0.43889317,0.9203862,0.4033052,0.932142
pose4043.jpg,nao_acao,0.4105506,0.23808078,0.419971,0.22125258,0.40137345,0.22029966,0.43355793,0.22847463,0.38851616,0.22644329,0.45101166,0.33654797,0.36885384,0.33710468,0.47748813,0.45701116,0.3437121,0.4649329,0.4918809,0.569618,0.32897633,0.58412325,0.43091917,0.58640075,0.379868,0.5857985,0.43390402,0.7641916,0.37189525,0.76403755,0.4229637,0.9240426,0.38050786,0.92528874
pose10006.png,nao_acao,0.3824163,0.268442,0.3927086,0.25087008,0.37439337,0.2490545,0.40754375,0.2584356,0.3622532,0.25410068,0.4245909,0.37598267,0.3398177,0.37525958,0.4470118,0.51051134,0.30619854,0.50558096,0.4579216,0.6180041,0.28701147,0.610924,0.39740413,0.6154338,0.34457493,0.61539215,0.40212768,0.8094621,0.34504986,0.80953705,0.39206773,0.9780028,0.35663778,0.9758204
pose10001.png,nao_acao,0.38173532,0.21275842,0.39156875,0.19534938,0.37312046,0.19424252,0.40631026,0.20414416,0.36112553,0.2010412,0.42153198,0.32068545,0.34031314,0.31182477,0.4314266,0.45981896,0.31854105,0.43735,0.43018928,0.5655674,0.31217703,0.55597126,0.3967522,0.5588084,0.34527263,0.5543343,0.4000319,0.76023984,0.34298688,0.75734335,0.3902276,0.93241215,0.35164547,0.92821014
pose3040.jpg,nao_acao,0.27506354,0.2980927,0.2839782,0.28254652,0.26681945,0.28228447,0.29557037,0.28753063,0.2535746,0.28788418,0.3164177,0.37718052,0.2357542,0.37334812,0.35255003,0.45625615,0.19797708,0.42124036,0.3054394,0.451379,0.1517679,0.41858232,0.29982632,0.6098484,0.25049835,0.6056914,0.3060591,0.76823866,0.2539882,0.7713015,0.30068713,0.91762376,0.26465645,0.9231734
pose8036.png,nao_acao,0.33817935,0.05678034,0.34506437,0.043418545,0.33143467,0.043223064,0.35403863,0.049764972,0.32127753,0.048444707,0.3659868,0.13575886,0.30131072,0.1263107,0.38272873,0.21913628,0.2538885,0.16386083,0.38882262,0.24748872,0.2068377,0.11784406,0.35575163,0.30995718,0.31817234,0.30804703,0.36451554,0.445627,0.32018808,0.44317764,0.36273438,0.5655988,0.33642465,0.56623334
pose3041.jpg,nao_acao,0.27247638,0.28316176,0.2809384,0.26676562,0.26372868,0.26770362,0.29346147,0.2729852,0.25181907,0.2755558,0.31656393,0.36180463,0.23263189,0.3632629,0.3527521,0.4483784,0.19477871,0.42536643,0.3108404,0.45116848,0.18118319,0.41704658,0.30219308,0.5947481,0.2509339,0.5949473,0.30601087,0.7537769,0.25459218,0.76299953,0.30481654,0.90657,0.25927183,0.9106801
pose4097.jpg,nao_acao,0.36682048,0.22410889,0.37619776,0.2095079,0.35720247,0.2085881,0.38867837,0.21841128,0.34274277,0.2174418,0.40896362,0.29704544,0.3237393,0.29913312,0.45765895,0.2606966,0.27094215,0.26024833,0.49048442,0.18109874,0.23787662,0.17106879,0.39290044,0.5493451,0.34088522,0.5503093,0.39951503,0.7224995,0.3409149,0.72269374,0.3881933,0.8833967,0.34522155,0.88459873
pose1028.png,nao_acao,0.4552988,0.28586176,0.4605244,0.26641247,0.44411772,0.27066132,0.4687406,0.25812256,0.42687997,0.26572174,0.49149615,0.35933894,0.4092424,0.3175964,0.5268345,0.4082403,0.3811018,0.23771217,0.4945709,0.3834039,0.42077518,0.17756231,0.4652093,0.5780083,0.41522217,0.5648463,0.4626906,0.70761025,0.42010802,0.7305095,0.4524544,0.86261785,0.42008048,0.8724233
pose6091.png,nao_acao,0.30917984,0.25624162,0.3170947,0.24019665,0.2997985,0.24026173,0.32570878,0.2425755,0.28402394,0.24282344,0.34444863,0.32587573,0.25883502,0.32342386,0.38440904,0.37614813,0.20602445,0.34756792,0.36252934,0.3681159,0.17741886,0.31875643,0.33088294,0.55990887,0.28064543,0.5595859,0.3355723,0.7187319,0.28331345,0.7283138,0.3282257,0.8581169,0.2927076,0.87267303
pose8042.png,nao_acao,0.6365198,0.36920676,0.64206076,0.35603556,0.6287532,0.35699692,0.64921004,0.36230952,0.61750233,0.364879,0.66755927,0.438964,0.602549,0.43826216,0.6884849,0.5283613,0.58200943,0.53374404,0.7002164,0.42273068,0.57084584,0.47301656,0.66026366,0.61715287,0.61862123,0.61902434,0.6672157,0.7607313,0.6286831,0.7619851,0.67080265,0.88752985,0.6421528,0.89323914
pose6060.png,nao_acao,0.28219858,0.24677648,0.2892766,0.23043579,0.27299494,0.23158832,0.29925188,0.22987226,0.2574471,0.23279859,0.32120937,0.31846344,0.23492046,0.3100441,0.35672992,0.38556924,0.18833816,0.31844494,0.3264194,0.43410313,0.17029111,0.30370548,0.30597654,0.54798794,0.25347722,0.5467458,0.31183037,0.6945678,0.25252324,0.7134552,0.30650076,0.8446437,0.25390667,0.86080223
ezgif-frame-114.png,nao_acao,0.41463178,0.35860163,0.42403436,0.34186918,0.4041954,0.3429417,0.43783903,0.34516677,0.38785833,0.34762344,0.45743027,0.432882,0.36880302,0.43712336,0.4583301,0.55542094,0.3705298,0.56407744,0.4193613,0.6168529,0.40509707,0.6275839,0.44791192,0.6920602,0.38618368,0.69396806,0.44606978,0.88838536,0.38735038,0.88869417,0.0,0.0,0.0,0.0
pose1014.png,nao_acao,0.447807,0.2662707,0.4538414,0.25268963,0.43868008,0.25433618,0.46154922,0.25884438,0.42330965,0.26176766,0.4776512,0.34275818,0.40311617,0.34665653,0.49552727,0.44039163,0.38050297,0.43850708,0.5095688,0.53553814,0.40058455,0.4981548,0.46685332,0.55749893,0.4191369,0.56317574,0.46168026,0.70970875,0.41923195,0.7207676,0.4577314,0.8493855,0.42042547,0.8621961
pose7060.jpg,nao_acao,0.32157865,0.20720847,0.32866156,0.19265616,0.31279013,0.191947,0.33818752,0.20102893,0.29890054,0.19966236,0.3570363,0.29709834,0.2790318,0.28646913,0.38881558,0.37054795,0.23800266,0.2965929,0.40740767,0.45682868,0.2321196,0.23951145,0.34719342,0.51845974,0.30063075,0.51800567,0.3514641,0.67503524,0.2990225,0.68237066,0.3409251,0.82789034,0.3005996,0.8350759
pose12077.png,nao_acao,0.41812843,0.16721751,0.42743856,0.15125902,0.40889677,0.14932154,0.4402892,0.1591395,0.39419034,0.15488872,0.45699167,0.26701683,0.37368202,0.26381472,0.481404,0.3916442,0.34710306,0.38403288,0.50312406,0.516316,0.3490986,0.48747805,0.43575373,0.514716,0.38400626,0.5140899,0.43616176,0.6877206,0.3728209,0.6902904,0.4238729,0.8617669,0.37815744,0.86862284
pose1013.png,nao_acao,0.4471582,0.26582408,0.45309797,0.25192553,0.4380766,0.25361976,0.46100038,0.2563383,0.42309585,0.2590086,0.47704262,0.3409835,0.40258703,0.3424057,0.49320894,0.44164887,0.38208896,0.43490297,0.5078138,0.54429466,0.40772563,0.49769178,0.4668809,0.5569574,0.41902524,0.56162345,0.46273765,0.7098007,0.42043772,0.7198034,0.45813584,0.8514001,0.42105538,0.8640199
pose7059.jpg,nao_acao,0.3181469,0.14995526,0.32615775,0.13620196,0.3092705,0.1344358,0.33686832,0.14483617,0.29534715,0.14209478,0.35266376,0.23579544,0.27999705,0.24006537,0.38542753,0.28246862,0.25539595,0.29882553,0.41333342,0.30055386,0.24389453,0.31828663,0.34205753,0.45852116,0.29822376,0.46226904,0.34989053,0.61082464,0.29780486,0.61674273,0.33940032,0.7739508,0.2978639,0.78565
pose6092.png,nao_acao,0.30087626,0.25289336,0.30743742,0.23560318,0.2904392,0.23817338,0.3160152,0.23614828,0.27543196,0.24249308,0.33572465,0.3173987,0.25440326,0.32602572,0.3821212,0.34950417,0.21497948,0.37554622,0.41855827,0.33945566,0.21419144,0.3716034,0.32675815,0.55063766,0.27876285,0.55797905,0.33208293,0.710726,0.28187594,0.7274483,0.32799834,0.85334945,0.29140612,0.87090826
pose4044.jpg,nao_acao,0.4077298,0.23996355,0.41736835,0.22255582,0.3977262,0.22070673,0.42969957,0.23059818,0.38196167,0.22706077,0.44896573,0.33655426,0.3607151,0.33857626,0.49373645,0.42141685,0.320514,0.43567795,0.5263936,0.5034538,0.27950746,0.5302017,0.42962283,0.5887604,0.3768273,0.5890453,0.43260875,0.76829743,0.37145126,0.7672446,0.42194358,0.9215718,0.37974355,0.92584395
pose12080.png,nao_acao,0.442967,0.17132051,0.45240164,0.15521125,0.43412152,0.15417416,0.46391702,0.16530673,0.41877955,0.16198769,0.4801337,0.2699507,0.39572892,0.26579773,0.49781823,0.39609936,0.36950144,0.38511118,0.48950925,0.5083204,0.37258446,0.487063,0.45588383,0.5149695,0.40134573,0.5129025,0.456048,0.68465525,0.39475155,0.6856212,0.4463922,0.84936357,0.39676076,0.8538867
pose5092.jpg,nao_acao,0.29056638,0.3716331,0.29779944,0.35489696,0.2816283,0.3566758,0.3094109,0.35655245,0.27063835,0.36133316,0.33466163,0.44675547,0.2534509,0.44969872,0.3751986,0.52244514,0.22558239,0.5383937,0.35435435,0.49470508,0.21460816,0.58230233,0.3225267,0.6715603,0.27354437,0.6709716,0.32709566,0.8252728,0.27483737,0.82959527,0.3224216,0.9645587,0.28452668,0.970154
1725302196217.png,nao_acao,0.49422812,0.27278125,0.5048856,0.25838888,0.48333263,0.2576001,0.51757914,0.26693308,0.46415782,0.26493853,0.53331363,0.36164662,0.4410664,0.36097434,0.55549777,0.48082954,0.41490304,0.47579196,0.5587899,0.5832742,0.40642524,0.5698019,0.5099258,0.58014196,0.45030603,0.5800247,0.5169038,0.7281603,0.44574115,0.7307852,0.5118031,0.8710553,0.44800746,0.8745561
